url,status,error,ms,html_kb,lang,title,title_len,meta_description,desc_len,robots,canonical,h1,h1_count,h2_count,word_count,img_count,img_missing_alt,img_missing_dims,internal_links,external_links,scripts,css,schema_types,in_sitemap
#,0,unknown url type: '',,,,,,,,,,,,,,,,,,,,,,True
https://flavory.wine,200,,5619,478,nl-NL,Home - Flavory,14,"Een wijn box die smaakt naar meer. Ontdek verrassende wijnen, blind geproefd en stijlvol verpakt. Perfect om zelf te genieten of te delen.",138,"index, follow, max-image-preview:large, max-snippet:-1, max-video-preview:-1",https://flavory.wine/,Speel het wijnspel met vrienden | Wat is Flavory?,2,5,1563,36,9,0,100,15,60,31,WebPage;ImageObject;BreadcrumbList;WebSite;Organization,False
https://flavory.wine/,200,,6372,478,nl-NL,Home - Flavory,14,"Een wijn box die smaakt naar meer. Ontdek verrassende wijnen, blind geproefd en stijlvol verpakt. Perfect om zelf te genieten of te delen.",138,"index, follow, max-image-preview:large, max-snippet:-1, max-video-preview:-1",https://flavory.wine/,Speel het wijnspel met vrienden | Wat is Flavory?,2,5,1563,36,9,0,100,15,60,31,WebPage;ImageObject;BreadcrumbList;WebSite;Organization,True
https://flavory.wine/5-redenen-waarom-flavorys-wine-tasting-het-leukste-kerstcadeau-van-2024-is-2-2/,200,,4396,164,nl-NL,5 Redenen Waarom Flavory's Wine Tasting Het Leukste Kerstcadeau Van 2024 Is​ 2 - Flavory,88,"Je kan nu iets bijleren over wijn zonder een cursus te volgen of een boek te moeten lezen. Flavory’s blinde wijnproeverij in de vorm van een spel is zonder twijfel de leukste manier om de wijnwereld te ontdekken. Twee beroemde wijnlanden of druiven worden anoniem tegenover elkaar geplaatst, aan jou en je medespelers om ze te herkennen!",337,"index, follow, max-image-preview:large, max-snippet:-1, max-video-preview:-1",https://flavory.wine/5-redenen-waarom-flavorys-wine-tasting-het-leukste-kerstcadeau-van-2024-is-2-2/,5 Redenen Waarom Flavory's Wine Tasting Het Leukste Kerstcadeau Van 2024 Is,1,6,476,24,20,0,13,0,65,23,WebPage;ImageObject;BreadcrumbList;WebSite;Organization,True
https://flavory.wine/5-redenen-waarom-flavorys-wine-tasting-het-leukste-kerstcadeau-van-2024-is-2/,200,,4263,138,nl-NL,5 Redenen Waarom Flavory's Wine Tasting Het Leukste Kerstcadeau Van 2024 Is​ 2 - Flavory,88,,0,"index, follow, max-image-preview:large, max-snippet:-1, max-video-preview:-1",https://flavory.wine/5-redenen-waarom-flavorys-wine-tasting-het-leukste-kerstcadeau-van-2024-is-2/,,0,1,60,19,15,0,13,0,65,22,WebPage;ImageObject;BreadcrumbList;WebSite;Organization,True
https://flavory.wine/5-redenen-waarom-flavorys-wine-tasting-het-leukste-kerstcadeau-van-2024-is/,200,,4255,102,nl-NL,5 Redenen Waarom Flavory's Wine Tasting Het Leukste Kerstcadeau Van 2024 Is​ - Flavory,86,"Je kan nu iets bijleren over wijn zonder een cursus te volgen of een boek te moeten lezen. Flavory’s blinde wijnproeverij in de vorm van een spel is zonder twijfel de leukste manier om de wijnwereld te ontdekken. Twee beroemde wijnlanden of druiven worden anoniem tegenover elkaar geplaatst, aan jou en je medespelers om ze te herkennen!",337,"index, follow, max-image-preview:large, max-snippet:-1, max-video-preview:-1",https://flavory.wine/5-redenen-waarom-flavorys-wine-tasting-het-leukste-kerstcadeau-van-2024-is/,5 Redenen Waarom Flavory's Wine Tasting Het Leukste Kerstcadeau Van 2024 Is,1,6,446,8,8,0,3,0,54,17,WebPage;ImageObject;BreadcrumbList;WebSite;Organization,True
https://flavory.wine/5-redenen-waarom-flavorys-wine-tasting-het-leukste-kerstcadeau-van-2025-is-2/,200,,3205,89,nl-NL,5 Redenen Waarom Flavory's Wine Tasting Het Leukste Kerstcadeau Van 2025 Is - Flavory,85,"Je kan nu iets bijleren over wijn zonder een cursus te volgen of een boek te moeten lezen. Flavory’s blinde wijnproeverij in de vorm van een spel is zonder twijfel de leukste manier om de wijnwereld te ontdekken. Twee beroemde wijnlanden of druiven worden anoniem tegenover elkaar geplaatst, aan jou en je medespelers om ze te herkennen!",337,"index, follow, max-image-preview:large, max-snippet:-1, max-video-preview:-1",https://flavory.wine/5-redenen-waarom-flavorys-wine-tasting-het-leukste-kerstcadeau-van-2025-is-2/,5 Redenen Waarom Flavory's Wine Tasting Het Leukste Kerstcadeau Van 2025 Is,1,5,416,5,5,0,0,0,54,17,WebPage;ImageObject;BreadcrumbList;WebSite;Organization,True
https://flavory.wine/5-redenen-waarom-flavorys-wine-tasting-het-leukste-kerstcadeau-van-2025-is-3/,200,,3911,69,nl-NL,5 redenen waarom Flavory het leukste kerstcadeau van 2025 is,60,"Op zoek naar het leukste kerstcadeau van 2025? Ontdek waarom de Flavory wijnproeverij het perfecte geschenk is. Gezellig, leerzaam en uniek.",140,"index, follow, max-image-preview:large, max-snippet:-1, max-video-preview:-1",https://flavory.wine/5-redenen-waarom-flavorys-wine-tasting-het-leukste-kerstcadeau-van-2025-is-3/,5 redenen waarom een wijnspel het leukste kerstcadeau is,1,5,471,5,4,0,2,2,42,17,WebPage;ImageObject;BreadcrumbList;WebSite;Organization,True
https://flavory.wine/5-redenen-waarom-flavorys-wine-tasting-het-leukste-kerstcadeau-van-2025-is-w2/,200,,4284,136,nl-NL,5 Redenen Waarom Flavory's Wine Tasting Het Leukste Kerstcadeau Van 2025 Is W2 - Flavory,88,,0,"index, follow, max-image-preview:large, max-snippet:-1, max-video-preview:-1",https://flavory.wine/5-redenen-waarom-flavorys-wine-tasting-het-leukste-kerstcadeau-van-2025-is-w2/,,0,1,60,17,13,0,12,0,65,22,WebPage;ImageObject;BreadcrumbList;WebSite;Organization,True
https://flavory.wine/5-redenen-waarom-flavorys-wine-tasting-het-leukste-kerstcadeau-van-2025-is/,200,,4340,161,nl-NL,5 Redenen Waarom Flavory's Wine Tasting Het Leukste Kerstcadeau Van 2025 Is - Flavory,85,"Je kan nu iets bijleren over wijn zonder een cursus te volgen of een boek te moeten lezen. Flavory’s blinde wijnproeverij in de vorm van een spel is zonder twijfel de leukste manier om de wijnwereld te ontdekken. Twee beroemde wijnlanden of druiven worden anoniem tegenover elkaar geplaatst, aan jou en je medespelers om ze te herkennen!",337,"index, follow, max-image-preview:large, max-snippet:-1, max-video-preview:-1",https://flavory.wine/5-redenen-waarom-flavorys-wine-tasting-het-leukste-kerstcadeau-van-2025-is/,5 Redenen Waarom Flavory's Wine Tasting Het Leukste Kerstcadeau Van 2024 Is,1,6,476,22,18,0,12,0,65,23,WebPage;ImageObject;BreadcrumbList;WebSite;Organization,True
https://flavory.wine/?post_type=product&p=7319&preview=true,200,,5998,478,nl-NL,Home - Flavory,14,"Een wijn box die smaakt naar meer. Ontdek verrassende wijnen, blind geproefd en stijlvol verpakt. Perfect om zelf te genieten of te delen.",138,"index, follow, max-image-preview:large, max-snippet:-1, max-video-preview:-1",https://flavory.wine/,Speel het wijnspel met vrienden | Wat is Flavory?,2,5,1563,36,9,0,100,15,60,31,WebPage;ImageObject;BreadcrumbList;WebSite;Organization,False
https://flavory.wine/?post_type=product&p=7361,200,,5081,478,nl-NL,Home - Flavory,14,"Een wijn box die smaakt naar meer. Ontdek verrassende wijnen, blind geproefd en stijlvol verpakt. Perfect om zelf te genieten of te delen.",138,"index, follow, max-image-preview:large, max-snippet:-1, max-video-preview:-1",https://flavory.wine/,Speel het wijnspel met vrienden | Wat is Flavory?,2,5,1563,36,9,0,100,15,60,31,WebPage;ImageObject;BreadcrumbList;WebSite;Organization,False
https://flavory.wine/?reviews=11168,200,,4381,201,nl-NL,Charlotte - Flavory,19,,0,"index, follow, max-image-preview:large, max-snippet:-1, max-video-preview:-1",https://flavory.wine/?reviews=11168,,0,0,117,10,1,0,36,14,54,22,WebPage;BreadcrumbList;WebSite;Organization,True
https://flavory.wine/?reviews=karolien,200,,3164,200,nl-NL,Karolien - Flavory,18,,0,"index, follow, max-image-preview:large, max-snippet:-1, max-video-preview:-1",https://flavory.wine/?reviews=karolien,,0,0,117,10,1,0,36,14,54,22,WebPage;BreadcrumbList;WebSite;Organization,True
https://flavory.wine/?reviews=nele,200,,3736,200,nl-NL,Nele - Flavory,14,,0,"index, follow, max-image-preview:large, max-snippet:-1, max-video-preview:-1",https://flavory.wine/?reviews=nele,,0,0,117,10,1,0,36,14,54,22,WebPage;BreadcrumbList;WebSite;Organization,True
https://flavory.wine/?reviews=review-1,200,,4175,201,nl-NL,Ingrid - Flavory,16,,0,"index, follow, max-image-preview:large, max-snippet:-1, max-video-preview:-1",https://flavory.wine/?reviews=review-1,,0,0,117,10,1,0,36,14,54,22,WebPage;BreadcrumbList;WebSite;Organization,True
https://flavory.wine/?reviews=review-2,200,,4526,201,nl-NL,Peter - Flavory,15,,0,"index, follow, max-image-preview:large, max-snippet:-1, max-video-preview:-1",https://flavory.wine/?reviews=review-2,,0,0,117,10,1,0,36,14,54,22,WebPage;BreadcrumbList;WebSite;Organization,True
https://flavory.wine/?reviews=review-3,200,,4139,201,nl-NL,Sophie - Flavory,16,,0,"index, follow, max-image-preview:large, max-snippet:-1, max-video-preview:-1",https://flavory.wine/?reviews=review-3,,0,0,117,10,1,0,36,14,54,22,WebPage;BreadcrumbList;WebSite;Organization,True
https://flavory.wine/?store=huis-manendonckx,200,,4435,201,nl-NL,Huis Manendonckx - Flavory,26,,0,"index, follow, max-image-preview:large, max-snippet:-1, max-video-preview:-1",https://flavory.wine/?store=huis-manendonckx,,0,0,117,10,1,0,36,14,54,22,WebPage;BreadcrumbList;WebSite;Organization,True
https://flavory.wine/?store=wijnhuis-bollaert,200,,4354,201,nl-NL,Wijnhuis Bollaert - Flavory,27,,0,"index, follow, max-image-preview:large, max-snippet:-1, max-video-preview:-1",https://flavory.wine/?store=wijnhuis-bollaert,,0,0,117,10,1,0,36,14,54,22,WebPage;BreadcrumbList;WebSite;Organization,True
https://flavory.wine/?store=winkel-1,200,,4773,201,nl-NL,Entrepot du Vin - Flavory,25,,0,"index, follow, max-image-preview:large, max-snippet:-1, max-video-preview:-1",https://flavory.wine/?store=winkel-1,,0,0,117,10,1,0,36,14,54,22,WebPage;BreadcrumbList;WebSite;Organization,True
https://flavory.wine/?store=winkel-2,200,,4557,201,nl-NL,Mondovino - Flavory,19,,0,"index, follow, max-image-preview:large, max-snippet:-1, max-video-preview:-1",https://flavory.wine/?store=winkel-2,,0,0,117,10,1,0,36,14,54,22,WebPage;BreadcrumbList;WebSite;Organization,True
https://flavory.wine/?store=winkel-3,200,,4476,201,nl-NL,Dranken Hinderdael - Flavory,28,,0,"index, follow, max-image-preview:large, max-snippet:-1, max-video-preview:-1",https://flavory.wine/?store=winkel-3,,0,0,117,10,1,0,36,14,54,22,WebPage;BreadcrumbList;WebSite;Organization,True
https://flavory.wine/alcoholvrije-wijnen/,200,,4424,208,nl-NL,Alcoholvrije wijnen - Flavory,29,Welke wijn past perfect bij jouw sterrenbeeld? En wat heeft Valentijn voor jou in petto? Ontdek het in onze nieuwe blog.,120,"index, follow, max-image-preview:large, max-snippet:-1, max-video-preview:-1",https://flavory.wine/alcoholvrije-wijnen/,,0,1,555,13,4,0,36,15,54,22,WebPage;ImageObject;BreadcrumbList;WebSite;Organization,True
https://flavory.wine/algemene-voorwaarden/,200,,2654,210,nl-NL,Algemene voorwaarden - Flavory,30,,0,"index, follow, max-image-preview:large, max-snippet:-1, max-video-preview:-1",https://flavory.wine/algemene-voorwaarden/,Algemene voorwaarden,1,0,1687,10,1,0,36,14,54,22,WebPage;BreadcrumbList;WebSite;Organization,True
https://flavory.wine/blog/,200,,5690,299,nl-NL,Blog - Flavory,14,"Laat je inspireren door onze tips, verhalen en ideeën voor wijnliefhebbers. Van blind proeven tot cadeaus: ontdek alles op de Flavory blog.",139,"index, follow, max-image-preview:large, max-snippet:-1, max-video-preview:-1",https://flavory.wine/blog/,Blog,1,0,1018,28,1,0,90,14,57,24,"WebPage,CollectionPage;BreadcrumbList;WebSite;Organization",True
https://flavory.wine/blog/5-redenen-waarom-flavory-het-leukste-wijngeschenk-is/,200,,7445,411,nl-NL,Leukste wijngeschenk voor elke gelegenheid - Flavory,52,"Ontdek 5 redenen waarom Flavory het leukste wijngeschenk is. Verras met een originele wijnbox vol plezier, smaak en gezelligheid – ideaal voor elke gelegenheid.",160,"index, follow, max-image-preview:large, max-snippet:-1, max-video-preview:-1",https://flavory.wine/blog/5-redenen-waarom-flavory-het-leukste-wijngeschenk-is/,5 Redenen waarom Flavory het leukste wijngeschenk is,1,7,2224,44,6,1,125,14,59,28,Article;WebPage;ImageObject;BreadcrumbList;WebSite;Organization;Person,True
https://flavory.wine/blog/balans-in-wijn/,200,,7406,383,nl-NL,Balans in wijn – het geheim van goede wijn | Flavory,52,"Wijn moet niet duur maar wel in balans zijn. Ontdek hoe zuren, suikers, alcohol en tannines samen een goede wijn maken.",119,"index, follow, max-image-preview:large, max-snippet:-1, max-video-preview:-1",https://flavory.wine/blog/balans-in-wijn/,"Work-Wine Balance, of het geheim van goede wijn",1,5,2379,39,1,1,124,15,59,28,Article;WebPage;ImageObject;BreadcrumbList;WebSite;Organization;Person,True
https://flavory.wine/blog/blind-wijn-proeven/,200,,7516,391,nl-NL,Blind wijn proeven: je hersenen liegen altijd,45,"Blind wijn proeven is moeilijker dan je denkt. Zelfs experts vergissen zich. Ontdek waarom je hersenen je foppen, en durf het zelf te testen.",141,"index, follow, max-image-preview:large, max-snippet:-1, max-video-preview:-1",https://flavory.wine/blog/blind-wijn-proeven/,Blind wijn proeven: je hersenen liegen altijd,1,6,2615,40,1,1,122,15,59,28,Article;WebPage;ImageObject;BreadcrumbList;WebSite;Organization;Person,True
https://flavory.wine/blog/de-ene-rose-is-de-andere-niet/,200,,7326,384,nl-NL,De ene rosé is de andere niet... - Flavory,42,"Wijn kiezen in de supermarkt? Ontdek de 5 belangrijkste drijfveren: herkenning, prijs, etiket, medailles en geluk. Tips om de beste keuze te maken!",147,"index, follow, max-image-preview:large, max-snippet:-1, max-video-preview:-1",https://flavory.wine/blog/de-ene-rose-is-de-andere-niet/,De ene rosé is de andere niet…,1,8,2226,39,1,1,121,14,59,28,Article;WebPage;ImageObject;BreadcrumbList;WebSite;Organization;Person,True
https://flavory.wine/blog/drie-redenen-waarom-geen-twee-wijnen-ooit-helemaal-hetzelfde-smaken/,200,,6973,398,nl-NL,Waarom geen twee wijnen ooit hetzelfde smaken - Flavory,55,"Wijn kiezen in de supermarkt? Ontdek de 5 belangrijkste drijfveren: herkenning, prijs, etiket, medailles en geluk. Tips om de beste keuze te maken!",147,"index, follow, max-image-preview:large, max-snippet:-1, max-video-preview:-1",https://flavory.wine/blog/drie-redenen-waarom-geen-twee-wijnen-ooit-helemaal-hetzelfde-smaken/,Waarom geen twee wijnen ooit hetzelfde smaken,1,6,2413,41,3,1,121,14,59,28,Article;WebPage;ImageObject;BreadcrumbList;WebSite;Organization;Person,True
https://flavory.wine/blog/het-prille-begin-van-flavory-anno-2017/,200,,6824,385,nl-NL,Het prille begin van Flavory (anno 2017) - Flavory,50,"Duik in het begin van Flavory, ontstaan in 2017 uit pure passie voor wijn. Lees het verhaal achter het leukste wijnspel van België en Nederland.",144,"index, follow, max-image-preview:large, max-snippet:-1, max-video-preview:-1",https://flavory.wine/blog/het-prille-begin-van-flavory-anno-2017/,Het prille begin van Flavory (anno 2017),1,5,2435,39,1,1,126,14,59,28,Article;WebPage;ImageObject;BreadcrumbList;WebSite;Organization;Person,True
https://flavory.wine/blog/is-dure-wijn-beter/,200,,6655,383,nl-NL,Is dure wijn beter dan goedkope wijn?,37,Wat maakt wijn duur? Is dure wijn beter? Dat hangt af van je budget en hoeveel je geniet van het extra laagje diepgang in je glas.,130,"index, follow, max-image-preview:large, max-snippet:-1, max-video-preview:-1",https://flavory.wine/blog/is-dure-wijn-beter/,Is dure wijn beter?,1,5,2296,39,1,1,122,16,59,28,Article;WebPage;ImageObject;BreadcrumbList;WebSite;Organization;Person,True
https://flavory.wine/blog/italiaanse-rode-wijnen/,200,,6868,392,nl-NL,Italiaanse rode wijnen: 5 klassiekers die je móét proeven,57,Vind jij Italiaanse rode wijnen ook zo ingewikkeld? Wij zetten 5 betaalbare klassiekers op een rij waarmee je direct de smaak te pakken krijgt.,143,"index, follow, max-image-preview:large, max-snippet:-1, max-video-preview:-1",https://flavory.wine/blog/italiaanse-rode-wijnen/,Welke Italiaanse wijn moet je echt eens proeven?,1,5,2262,40,1,1,122,15,59,28,Article;WebPage;ImageObject;BreadcrumbList;WebSite;Organization;Person,True
https://flavory.wine/blog/luxe-wijnpakket-als-geschenk/,200,,6216,394,nl-NL,Luxe wijnpakket als geschenk. Vermijd stress met dit wijnspel.,62,"Kies dit jaar een origineel kerstcadeau. Bestel vroeg, geniet van de hoogste korting en verras met een luxe wijnpakket als geschenk.",132,"index, follow, max-image-preview:large, max-snippet:-1, max-video-preview:-1",https://flavory.wine/blog/luxe-wijnpakket-als-geschenk/,To stress or not to stress. That’s the question. Een luxe wijnpakket als geschenk is the answer.,1,6,2459,40,1,1,123,15,59,28,Article;WebPage;ImageObject;BreadcrumbList;WebSite;Organization;Person,True
https://flavory.wine/blog/natuurwijn-kopen/,200,,5368,382,nl-NL,Natuurwijn kopen: hype of eerlijk glas?,39,")Wil je natuurwijn kopen maar weet je niet wat je krijgt? Troebel, funky, vegan. Bart legt uit wat het écht is en of het de moeite waard is.",140,"index, follow, max-image-preview:large, max-snippet:-1, max-video-preview:-1",https://flavory.wine/blog/natuurwijn-kopen/,Natuurwijn kopen: hype of eerlijk glas?,1,8,2649,39,1,1,122,15,59,28,Article;WebPage;ImageObject;BreadcrumbList;WebSite;Organization;Person,True
https://flavory.wine/blog/op-zoek-naar-het-leukste-kerstcadeau-van-2025-ontdek-waarom-de-flavory-wijnproeverij-het-perfecte-geschenk-is/,200,,5892,411,nl-NL,5 redenen waarom Flavory het leukste kerstcadeau van 2025 is,60,"Op zoek naar het leukste kerstcadeau van 2025? Ontdek waarom de Flavory wijnproeverij het perfecte geschenk is. Gezellig, leerzaam en uniek.",140,"index, follow, max-image-preview:large, max-snippet:-1, max-video-preview:-1",https://flavory.wine/blog/op-zoek-naar-het-leukste-kerstcadeau-van-2025-ontdek-waarom-de-flavory-wijnproeverij-het-perfecte-geschenk-is/,Het leukste kerstcadeau van 2025? Dat is het wijnspel van Flavory.,1,7,2348,40,1,1,126,16,59,28,Article;WebPage;ImageObject;BreadcrumbList;WebSite;Organization;Person,True
https://flavory.wine/blog/originele-date-night-thuis/,200,,5673,394,nl-NL,Originele date night thuis: De beste wijnen voor koppels,56,"Wil je een originele date night thuis organiseren? Ontdek de beste bubbels, rode en witte wijn voor een romantische avond met het Flavory wijnspel",146,"index, follow, max-image-preview:large, max-snippet:-1, max-video-preview:-1",https://flavory.wine/blog/originele-date-night-thuis/,De beste wijnen voor een originele date night thuis,1,7,2339,40,1,1,122,17,59,28,Article;WebPage;ImageObject;BreadcrumbList;WebSite;Organization;Person,True
https://flavory.wine/blog/relatiegeschenken-slimme-investering-of-weggegooid-budget/,200,,5840,386,nl-NL,Waarom geef je eigenlijk een relatiegeschenk?,45,"Relatiegeschenken: slimme investering of weggegooid budget? Een kritische blik op dankbaarheid, branding en het juiste cadeau.",126,"index, follow, max-image-preview:large, max-snippet:-1, max-video-preview:-1",https://flavory.wine/blog/relatiegeschenken-slimme-investering-of-weggegooid-budget/,Relatiegeschenken: slimme investering of weggegooid budget?,1,7,2537,39,1,1,122,15,59,28,Article;WebPage;ImageObject;BreadcrumbList;WebSite;Organization;Person,True
https://flavory.wine/blog/slow-wine-moederdag-het-verhaal-achter-de-slak/,200,,6320,383,nl-NL,Slow Wine Moederdag: eerlijke wijn als échte beleving,53,"Slow wine Moederdag begint met een verhaal: Carlo Petrini, penne als protest en een slak als symbool. Wijn is het mooiste cadeau!",129,"index, follow, max-image-preview:large, max-snippet:-1, max-video-preview:-1",https://flavory.wine/blog/slow-wine-moederdag-het-verhaal-achter-de-slak/,Slow wine Moederdag: het verhaal achter de slak,1,8,2636,39,1,1,123,14,59,28,Article;WebPage;ImageObject;BreadcrumbList;WebSite;Organization;Person,True
https://flavory.wine/blog/start-to-wijnkelder-welke-types-wijn-moet-je-altijd-in-huis-hebben/,200,,6073,386,nl-NL,Welke wijn moet je altijd in huis hebben? - Flavory,51,,0,"index, follow, max-image-preview:large, max-snippet:-1, max-video-preview:-1",https://flavory.wine/blog/start-to-wijnkelder-welke-types-wijn-moet-je-altijd-in-huis-hebben/,Welke wijn moet je altijd in huis hebben?,1,6,2415,39,1,1,121,14,59,28,Article;WebPage;ImageObject;BreadcrumbList;WebSite;Organization;Person,True
https://flavory.wine/blog/valentijn-wijn-horoscoop-2026/,200,,7180,414,nl-NL,Valentijn Horoscoop 2026: Ontdek jouw ideale wijnmatch | Flavory,64,Welke wijn past bij jouw sterrenbeeld? Ontdek je match in onze Valentijn Horoscoop 2026 en maak je blinde proeverij thuis onvergetelijk,135,"index, follow, max-image-preview:large, max-snippet:-1, max-video-preview:-1",https://flavory.wine/blog/valentijn-wijn-horoscoop-2026/,Valentijn Horoscoop 2026: Welke wijn past bij jouw sterrenbeeld?,1,3,2832,40,1,1,122,15,59,28,Article;WebPage;ImageObject;BreadcrumbList;WebSite;Organization;Person,True
https://flavory.wine/blog/verdwaald-in-de-wijnrayon/,200,,7106,383,nl-NL,VIDEO - Verdwaald in de Wijnrayon - Flavory,43,"Wijn kiezen in de supermarkt? Ontdek de 5 belangrijkste drijfveren: herkenning, prijs, etiket, medailles en geluk. Tips om de beste keuze te maken!",147,"index, follow, max-image-preview:large, max-snippet:-1, max-video-preview:-1",https://flavory.wine/blog/verdwaald-in-de-wijnrayon/,VIDEO – Verdwaald in de Wijnrayon,1,2,2347,39,1,1,121,14,59,28,Article;WebPage;ImageObject;BreadcrumbList;WebSite;Organization;Person,True
https://flavory.wine/blog/vijf-cadeaus-die-iedereen-geeft-en-een-dat-bijblijft/,200,,6704,385,nl-NL,Origineel wijncadeau: geef iets dat écht bijblijft,50,"Geef dit jaar een origineel wijncadeau. Flavory combineert wijn, spel en sfeer in één box. Verrassend, gezellig én snel geleverd.",129,"index, follow, max-image-preview:large, max-snippet:-1, max-video-preview:-1",https://flavory.wine/blog/vijf-cadeaus-die-iedereen-geeft-en-een-dat-bijblijft/,Vijf cadeaus die iedereen geeft (en één dat bijblijft),1,3,2478,39,1,1,122,15,59,28,Article;WebPage;ImageObject;BreadcrumbList;WebSite;Organization;Person,True
https://flavory.wine/blog/waarom-een-wijnavond-met-vriendinnen-soms-belangrijker-is-dan-therapie-dupliceren/,200,,6297,386,nl-NL,Datenight met wijn: slimmer dan samen een wijncursus volgen,59,"Waarom datenight met wijnproeven slimmer is dan een zware wijncursus: romantische avond thuis, samen leren en lachen met Flavory Date Night.",140,"index, follow, max-image-preview:large, max-snippet:-1, max-video-preview:-1",https://flavory.wine/blog/waarom-een-wijnavond-met-vriendinnen-soms-belangrijker-is-dan-therapie-dupliceren/,Wijnproeven op date night,1,7,2573,39,1,1,123,15,59,28,Article;WebPage;ImageObject;BreadcrumbList;WebSite;Organization;Person,True
https://flavory.wine/blog/waarom-een-wijnavond-met-vriendinnen-soms-belangrijker-is-dan-therapie/,200,,6087,384,nl-NL,Waarom een wijnavond met vriendinnen beter werkt dan therapie,61,"Waarom een wijnavond met vriendinnen meer is dan een glas wijn: ontladen, lachen en bijpraten met je allerliefste wittewijnwijven",129,"index, follow, max-image-preview:large, max-snippet:-1, max-video-preview:-1",https://flavory.wine/blog/waarom-een-wijnavond-met-vriendinnen-soms-belangrijker-is-dan-therapie/,Waarom een wijnavond met vriendinnen soms belangrijker is dan therapie,1,6,2374,39,1,1,122,15,59,28,Article;WebPage;ImageObject;BreadcrumbList;WebSite;Organization;Person,True
https://flavory.wine/blog/waarom-smaakt-elke-wijn-anders/,200,,7205,385,nl-NL,Waarom smaakt elke wijn anders? - Flavory,41,"Wijn kiezen in de supermarkt? Ontdek de 5 belangrijkste drijfveren: herkenning, prijs, etiket, medailles en geluk. Tips om de beste keuze te maken!",147,"index, follow, max-image-preview:large, max-snippet:-1, max-video-preview:-1",https://flavory.wine/blog/waarom-smaakt-elke-wijn-anders/,Waarom smaakt elke wijn anders?,1,2,2197,39,1,1,121,14,59,28,Article;WebPage;ImageObject;BreadcrumbList;WebSite;Organization;Person,True
https://flavory.wine/blog/wat-te-doen-op-een-vriendenweekend-organiseer-een-wijnproeverij-spel/,200,,7238,412,nl-NL,Wat te doen op vriendenweekend? Wijnproeverij Spel,50,Zoek je een originele activiteit voor je vriendenweekend? Ontdek hoe je met het Flavory wijnproeverij spel een onvergetelijke avond organiseert.,144,"index, follow, max-image-preview:large, max-snippet:-1, max-video-preview:-1",https://flavory.wine/blog/wat-te-doen-op-een-vriendenweekend-organiseer-een-wijnproeverij-spel/,Wat te doen op een vriendenweekend? Organiseer een Wijnproeverij Spel!,1,5,2352,40,1,1,123,18,59,28,Article;WebPage;ImageObject;BreadcrumbList;WebSite;Organization;Person,True
https://flavory.wine/blog/welke-wijn-bij-welk-gerecht-spiekbriefje/,200,,6948,393,nl-NL,Welke wijn bij welk gerecht? Jouw spiekbriefje voor de supermarkt,65,Sta je in de supermarkt en twijfel je welke wijn bij welk gerecht past? Wijn is als peper en zout. Gebruik ons handige Flavory spiekbriefje.,140,"index, follow, max-image-preview:large, max-snippet:-1, max-video-preview:-1",https://flavory.wine/blog/welke-wijn-bij-welk-gerecht-spiekbriefje/,Welke wijn bij welk gerecht? Jouw spiekbriefje voor in de supermarkt,1,5,2368,40,1,1,122,15,59,28,Article;WebPage;ImageObject;BreadcrumbList;WebSite;Organization;Person,True
https://flavory.wine/blog/welke-wijn-moet-je-altijd-in-huis-hebben-ontdek-de-beste-keuzes-voor-elke-gelegenheid/,200,,6711,387,nl-NL,Beste wijnen voor thuis: Kies de perfecte fles - Flavory,56,Op zoek naar de beste wijnen voor thuis? Ontdek welke flessen je altijd in huis moet hebben en waarom de wijnboxen van Flavory ideaal zijn om smaakvol én speels te genieten.,173,"index, follow, max-image-preview:large, max-snippet:-1, max-video-preview:-1",https://flavory.wine/blog/welke-wijn-moet-je-altijd-in-huis-hebben-ontdek-de-beste-keuzes-voor-elke-gelegenheid/,Welke wijn moet je altijd in huis hebben? Ontdek de beste keuzes voor elke gelegenheid.,1,6,2509,39,1,1,125,14,59,28,"Article,BlogPosting;WebPage;ImageObject;BreadcrumbList;WebSite;Organization;Person",True
https://flavory.wine/blog/wijn-cadeau-pasen/,200,,5853,383,nl-NL,Wijn cadeau met Pasen: origineler dan chocolade,47,Op zoek naar een origineel wijn cadeau Pasen? Ontdek waaromeen fles uit Moldavië of Georgië meer indruk maakt danchocolade,122,"index, follow, max-image-preview:large, max-snippet:-1, max-video-preview:-1",https://flavory.wine/blog/wijn-cadeau-pasen/,Wijn cadeau met Pasen: origineler dan chocolade,1,5,2692,39,1,1,122,15,59,28,Article;WebPage;ImageObject;BreadcrumbList;WebSite;Organization;Person,True
https://flavory.wine/blog/wijnproeverij-date-night-chardonnay-of-sauvignon-blanc/,200,,7046,393,nl-NL,Wijnproeverij Date Night: Chardonnay of Sauvignon Blanc?,56,Plan de perfecte wijnproeverij date night. Ontdek waarom Chardonnay en Sauvignon Blanc meer gemeen hebben dan je denkt.,119,"index, follow, max-image-preview:large, max-snippet:-1, max-video-preview:-1",https://flavory.wine/blog/wijnproeverij-date-night-chardonnay-of-sauvignon-blanc/,Wat als jullie smaak mijlenver uit elkaar ligt?,1,3,2231,40,1,1,122,15,59,28,Article;WebPage;ImageObject;BreadcrumbList;WebSite;Organization;Person,True
https://flavory.wine/blog/wijnproeverij-thuis-flavory/,200,,7202,393,nl-NL,Wijnproeverij thuis -zo werkt een Bourgondische avond met Flavory,65,Ontdek waarom Belgen en Nederlanders nog altijd Bourgondisch genieten en hoe een Flavory wijnproeverij thuis werkt.,115,"index, follow, max-image-preview:large, max-snippet:-1, max-video-preview:-1",https://flavory.wine/blog/wijnproeverij-thuis-flavory/,Een wijnproeverij bij je thuis is populairder dan ooit…,1,8,2417,40,1,1,123,15,59,28,Article;WebPage;ImageObject;BreadcrumbList;WebSite;Organization;Person,True
https://flavory.wine/blog/wijnspel-als-kerstcadeau-black-friday/,200,,6669,394,nl-NL,Wijnspel als kerstcadeau tijdens Black Friday kopen | Flavory,61,Wijnspel als kerstcadeau tijdens Black Friday kopen? Geniet van 20% korting en vermijd last-minute stress. Een origineel en gezellig cadeau.,140,"index, follow, max-image-preview:large, max-snippet:-1, max-video-preview:-1",https://flavory.wine/blog/wijnspel-als-kerstcadeau-black-friday/,Onze tip: Negeer Secret Santa en gebruik Black Friday,1,8,2520,40,1,1,122,16,59,28,Article;WebPage;ImageObject;BreadcrumbList;WebSite;Organization;Person,True
https://flavory.wine/cava-vs-prosecco,200,,12197,478,nl-NL,Home - Flavory,14,"Een wijn box die smaakt naar meer. Ontdek verrassende wijnen, blind geproefd en stijlvol verpakt. Perfect om zelf te genieten of te delen.",138,"index, follow, max-image-preview:large, max-snippet:-1, max-video-preview:-1",https://flavory.wine/,Speel het wijnspel met vrienden | Wat is Flavory?,2,5,1563,36,9,0,100,15,60,31,WebPage;ImageObject;BreadcrumbList;WebSite;Organization,False
https://flavory.wine/chardonnay-vs-sauvignon-blanc,200,,11804,478,nl-NL,Home - Flavory,14,"Een wijn box die smaakt naar meer. Ontdek verrassende wijnen, blind geproefd en stijlvol verpakt. Perfect om zelf te genieten of te delen.",138,"index, follow, max-image-preview:large, max-snippet:-1, max-video-preview:-1",https://flavory.wine/,Speel het wijnspel met vrienden | Wat is Flavory?,2,5,1563,36,9,0,100,15,60,31,WebPage;ImageObject;BreadcrumbList;WebSite;Organization,False
https://flavory.wine/contact/,200,,3905,235,nl-NL,Contact - Flavory,17,"Heb je een vraag of wil je Flavory verkopen in je winkel? Neem contact met ons op. We antwoorden snel, of je nu klant, cadeauzoeker of handelaar bent.",150,"index, follow, max-image-preview:large, max-snippet:-1, max-video-preview:-1",https://flavory.wine/contact/,Vragen over de wijnboxen of goesting in een samenwerking? | FAQ,2,0,692,10,1,0,37,14,56,24,WebPage;BreadcrumbList;WebSite;Organization;FAQPage,True
https://flavory.wine/de,200,,5040,478,nl-NL,Home - Flavory,14,"Een wijn box die smaakt naar meer. Ontdek verrassende wijnen, blind geproefd en stijlvol verpakt. Perfect om zelf te genieten of te delen.",138,"index, follow, max-image-preview:large, max-snippet:-1, max-video-preview:-1",https://flavory.wine/,Speel het wijnspel met vrienden | Wat is Flavory?,2,5,1563,36,9,0,100,15,60,31,WebPage;ImageObject;BreadcrumbList;WebSite;Organization,False
https://flavory.wine/de/,200,,12052,478,nl-NL,Home - Flavory,14,"Een wijn box die smaakt naar meer. Ontdek verrassende wijnen, blind geproefd en stijlvol verpakt. Perfect om zelf te genieten of te delen.",138,"index, follow, max-image-preview:large, max-snippet:-1, max-video-preview:-1",https://flavory.wine/,Speel het wijnspel met vrienden | Wat is Flavory?,2,5,1563,36,9,0,100,15,60,31,WebPage;ImageObject;BreadcrumbList;WebSite;Organization,False
https://flavory.wine/de/?reviews=11168,200,,3379,108,de-DE,Charlotte - Flavory,19,,0,"index, follow, max-image-preview:large, max-snippet:-1, max-video-preview:-1",https://flavory.wine/?reviews=11168,,0,0,62,0,0,0,12,5,55,19,WebPage;BreadcrumbList;WebSite;Organization,False
https://flavory.wine/de/?reviews=karolien,200,,3293,108,de-DE,Karolien - Flavory,18,,0,"index, follow, max-image-preview:large, max-snippet:-1, max-video-preview:-1",https://flavory.wine/?reviews=karolien,,0,0,62,0,0,0,12,5,55,19,WebPage;BreadcrumbList;WebSite;Organization,False
https://flavory.wine/de/?reviews=nele,200,,2752,108,de-DE,Nele - Flavory,14,,0,"index, follow, max-image-preview:large, max-snippet:-1, max-video-preview:-1",https://flavory.wine/?reviews=nele,,0,0,62,0,0,0,12,5,55,19,WebPage;BreadcrumbList;WebSite;Organization,False
https://flavory.wine/de/?reviews=review-1,200,,2279,108,de-DE,Ingrid - Flavory,16,,0,"index, follow, max-image-preview:large, max-snippet:-1, max-video-preview:-1",https://flavory.wine/?reviews=review-1,,0,0,62,0,0,0,12,5,55,19,WebPage;BreadcrumbList;WebSite;Organization,False
https://flavory.wine/de/?reviews=review-2,200,,2999,108,de-DE,Peter - Flavory,15,,0,"index, follow, max-image-preview:large, max-snippet:-1, max-video-preview:-1",https://flavory.wine/?reviews=review-2,,0,0,62,0,0,0,12,5,55,19,WebPage;BreadcrumbList;WebSite;Organization,False
https://flavory.wine/de/?reviews=review-3,200,,3026,108,de-DE,Sophie - Flavory,16,,0,"index, follow, max-image-preview:large, max-snippet:-1, max-video-preview:-1",https://flavory.wine/?reviews=review-3,,0,0,62,0,0,0,12,5,55,19,WebPage;BreadcrumbList;WebSite;Organization,False
https://flavory.wine/de/?store=huis-manendonckx,200,,3072,108,de-DE,Huis Manendonckx - Flavory,26,,0,"index, follow, max-image-preview:large, max-snippet:-1, max-video-preview:-1",https://flavory.wine/?store=huis-manendonckx,,0,0,62,0,0,0,12,5,55,19,WebPage;BreadcrumbList;WebSite;Organization,False
https://flavory.wine/de/?store=wijnhuis-bollaert,200,,2853,108,de-DE,Wijnhuis Bollaert - Flavory,27,,0,"index, follow, max-image-preview:large, max-snippet:-1, max-video-preview:-1",https://flavory.wine/?store=wijnhuis-bollaert,,0,0,62,0,0,0,12,5,55,19,WebPage;BreadcrumbList;WebSite;Organization,False
https://flavory.wine/de/?store=winkel-1,200,,2284,108,de-DE,Entrepot du Vin - Flavory,25,,0,"index, follow, max-image-preview:large, max-snippet:-1, max-video-preview:-1",https://flavory.wine/?store=winkel-1,,0,0,62,0,0,0,12,5,55,19,WebPage;BreadcrumbList;WebSite;Organization,False
https://flavory.wine/de/?store=winkel-2,200,,2167,108,de-DE,Mondovino - Flavory,19,,0,"index, follow, max-image-preview:large, max-snippet:-1, max-video-preview:-1",https://flavory.wine/?store=winkel-2,,0,0,62,0,0,0,12,5,55,19,WebPage;BreadcrumbList;WebSite;Organization,False
https://flavory.wine/de/?store=winkel-3,200,,2392,108,de-DE,Dranken Hinderdael - Flavory,28,,0,"index, follow, max-image-preview:large, max-snippet:-1, max-video-preview:-1",https://flavory.wine/?store=winkel-3,,0,0,62,0,0,0,12,5,55,19,WebPage;BreadcrumbList;WebSite;Organization,False
https://flavory.wine/de/abonnieren-und-gewinnen/,200,,3839,123,de-DE,Abonnieren und gewinnen - Flavory,33,,0,"index, follow, max-image-preview:large, max-snippet:-1, max-video-preview:-1",https://flavory.wine/de/abonnieren-und-gewinnen/,Abonniere den Newsletter und gewinne den Grundstein für deinen eigenen Weinkeller im Wert von 500 €,1,0,184,1,1,0,12,5,56,22,WebPage;ImageObject;BreadcrumbList;WebSite;Organization,True
https://flavory.wine/de/alcoholvrije-wijnen/,200,,5353,208,nl-NL,Alcoholvrije wijnen - Flavory,29,Welke wijn past perfect bij jouw sterrenbeeld? En wat heeft Valentijn voor jou in petto? Ontdek het in onze nieuwe blog.,120,"index, follow, max-image-preview:large, max-snippet:-1, max-video-preview:-1",https://flavory.wine/alcoholvrije-wijnen/,,0,1,555,13,4,0,36,15,54,22,WebPage;ImageObject;BreadcrumbList;WebSite;Organization,False
https://flavory.wine/de/algemene-voorwaarden/,200,,6111,210,nl-NL,Algemene voorwaarden - Flavory,30,,0,"index, follow, max-image-preview:large, max-snippet:-1, max-video-preview:-1",https://flavory.wine/algemene-voorwaarden/,Algemene voorwaarden,1,0,1687,10,1,0,36,14,54,22,WebPage;BreadcrumbList;WebSite;Organization,False
https://flavory.wine/de/blog/,200,,2772,121,de-DE,Blog - Flavory,14,,0,"index, follow, max-image-preview:large, max-snippet:-1, max-video-preview:-1",https://flavory.wine/de/blog/,Blog,1,0,66,0,0,0,12,5,58,19,"WebPage,CollectionPage;BreadcrumbList;WebSite;Organization",True
https://flavory.wine/de/blog/5-redenen-waarom-flavory-het-leukste-wijngeschenk-is/,200,,10985,411,nl-NL,Leukste wijngeschenk voor elke gelegenheid - Flavory,52,"Ontdek 5 redenen waarom Flavory het leukste wijngeschenk is. Verras met een originele wijnbox vol plezier, smaak en gezelligheid – ideaal voor elke gelegenheid.",160,"index, follow, max-image-preview:large, max-snippet:-1, max-video-preview:-1",https://flavory.wine/blog/5-redenen-waarom-flavory-het-leukste-wijngeschenk-is/,5 Redenen waarom Flavory het leukste wijngeschenk is,1,7,2224,44,6,1,125,14,59,28,Article;WebPage;ImageObject;BreadcrumbList;WebSite;Organization;Person,False
https://flavory.wine/de/blog/balans-in-wijn/,200,,9564,383,nl-NL,Balans in wijn – het geheim van goede wijn | Flavory,52,"Wijn moet niet duur maar wel in balans zijn. Ontdek hoe zuren, suikers, alcohol en tannines samen een goede wijn maken.",119,"index, follow, max-image-preview:large, max-snippet:-1, max-video-preview:-1",https://flavory.wine/blog/balans-in-wijn/,"Work-Wine Balance, of het geheim van goede wijn",1,5,2379,39,1,1,124,15,59,28,Article;WebPage;ImageObject;BreadcrumbList;WebSite;Organization;Person,False
https://flavory.wine/de/blog/blind-wijn-proeven/,200,,9613,391,nl-NL,Blind wijn proeven: je hersenen liegen altijd,45,"Blind wijn proeven is moeilijker dan je denkt. Zelfs experts vergissen zich. Ontdek waarom je hersenen je foppen, en durf het zelf te testen.",141,"index, follow, max-image-preview:large, max-snippet:-1, max-video-preview:-1",https://flavory.wine/blog/blind-wijn-proeven/,Blind wijn proeven: je hersenen liegen altijd,1,6,2615,40,1,1,122,15,59,28,Article;WebPage;ImageObject;BreadcrumbList;WebSite;Organization;Person,False
https://flavory.wine/de/blog/de-ene-rose-is-de-andere-niet/,200,,9281,384,nl-NL,De ene rosé is de andere niet... - Flavory,42,"Wijn kiezen in de supermarkt? Ontdek de 5 belangrijkste drijfveren: herkenning, prijs, etiket, medailles en geluk. Tips om de beste keuze te maken!",147,"index, follow, max-image-preview:large, max-snippet:-1, max-video-preview:-1",https://flavory.wine/blog/de-ene-rose-is-de-andere-niet/,De ene rosé is de andere niet…,1,8,2226,39,1,1,121,14,59,28,Article;WebPage;ImageObject;BreadcrumbList;WebSite;Organization;Person,False
https://flavory.wine/de/blog/drie-redenen-waarom-geen-twee-wijnen-ooit-helemaal-hetzelfde-smaken/,200,,7555,398,nl-NL,Waarom geen twee wijnen ooit hetzelfde smaken - Flavory,55,"Wijn kiezen in de supermarkt? Ontdek de 5 belangrijkste drijfveren: herkenning, prijs, etiket, medailles en geluk. Tips om de beste keuze te maken!",147,"index, follow, max-image-preview:large, max-snippet:-1, max-video-preview:-1",https://flavory.wine/blog/drie-redenen-waarom-geen-twee-wijnen-ooit-helemaal-hetzelfde-smaken/,Waarom geen twee wijnen ooit hetzelfde smaken,1,6,2413,41,3,1,121,14,59,28,Article;WebPage;ImageObject;BreadcrumbList;WebSite;Organization;Person,False
https://flavory.wine/de/blog/het-prille-begin-van-flavory-anno-2017/,200,,6449,385,nl-NL,Het prille begin van Flavory (anno 2017) - Flavory,50,"Duik in het begin van Flavory, ontstaan in 2017 uit pure passie voor wijn. Lees het verhaal achter het leukste wijnspel van België en Nederland.",144,"index, follow, max-image-preview:large, max-snippet:-1, max-video-preview:-1",https://flavory.wine/blog/het-prille-begin-van-flavory-anno-2017/,Het prille begin van Flavory (anno 2017),1,5,2435,39,1,1,126,14,59,28,Article;WebPage;ImageObject;BreadcrumbList;WebSite;Organization;Person,False
https://flavory.wine/de/blog/is-dure-wijn-beter/,200,,6071,383,nl-NL,Is dure wijn beter dan goedkope wijn?,37,Wat maakt wijn duur? Is dure wijn beter? Dat hangt af van je budget en hoeveel je geniet van het extra laagje diepgang in je glas.,130,"index, follow, max-image-preview:large, max-snippet:-1, max-video-preview:-1",https://flavory.wine/blog/is-dure-wijn-beter/,Is dure wijn beter?,1,5,2296,39,1,1,122,16,59,28,Article;WebPage;ImageObject;BreadcrumbList;WebSite;Organization;Person,False
https://flavory.wine/de/blog/italiaanse-rode-wijnen/,200,,6309,392,nl-NL,Italiaanse rode wijnen: 5 klassiekers die je móét proeven,57,Vind jij Italiaanse rode wijnen ook zo ingewikkeld? Wij zetten 5 betaalbare klassiekers op een rij waarmee je direct de smaak te pakken krijgt.,143,"index, follow, max-image-preview:large, max-snippet:-1, max-video-preview:-1",https://flavory.wine/blog/italiaanse-rode-wijnen/,Welke Italiaanse wijn moet je echt eens proeven?,1,5,2262,40,1,1,122,15,59,28,Article;WebPage;ImageObject;BreadcrumbList;WebSite;Organization;Person,False
https://flavory.wine/de/blog/luxe-wijnpakket-als-geschenk/,200,,7121,394,nl-NL,Luxe wijnpakket als geschenk. Vermijd stress met dit wijnspel.,62,"Kies dit jaar een origineel kerstcadeau. Bestel vroeg, geniet van de hoogste korting en verras met een luxe wijnpakket als geschenk.",132,"index, follow, max-image-preview:large, max-snippet:-1, max-video-preview:-1",https://flavory.wine/blog/luxe-wijnpakket-als-geschenk/,To stress or not to stress. That’s the question. Een luxe wijnpakket als geschenk is the answer.,1,6,2459,40,1,1,123,15,59,28,Article;WebPage;ImageObject;BreadcrumbList;WebSite;Organization;Person,False
https://flavory.wine/de/blog/natuurwijn-kopen/,200,,6402,382,nl-NL,Natuurwijn kopen: hype of eerlijk glas?,39,")Wil je natuurwijn kopen maar weet je niet wat je krijgt? Troebel, funky, vegan. Bart legt uit wat het écht is en of het de moeite waard is.",140,"index, follow, max-image-preview:large, max-snippet:-1, max-video-preview:-1",https://flavory.wine/blog/natuurwijn-kopen/,Natuurwijn kopen: hype of eerlijk glas?,1,8,2649,39,1,1,122,15,59,28,Article;WebPage;ImageObject;BreadcrumbList;WebSite;Organization;Person,False
https://flavory.wine/de/blog/op-zoek-naar-het-leukste-kerstcadeau-van-2025-ontdek-waarom-de-flavory-wijnproeverij-het-perfecte-geschenk-is/,200,,5814,411,nl-NL,5 redenen waarom Flavory het leukste kerstcadeau van 2025 is,60,"Op zoek naar het leukste kerstcadeau van 2025? Ontdek waarom de Flavory wijnproeverij het perfecte geschenk is. Gezellig, leerzaam en uniek.",140,"index, follow, max-image-preview:large, max-snippet:-1, max-video-preview:-1",https://flavory.wine/blog/op-zoek-naar-het-leukste-kerstcadeau-van-2025-ontdek-waarom-de-flavory-wijnproeverij-het-perfecte-geschenk-is/,Het leukste kerstcadeau van 2025? Dat is het wijnspel van Flavory.,1,7,2348,40,1,1,126,16,59,28,Article;WebPage;ImageObject;BreadcrumbList;WebSite;Organization;Person,False
https://flavory.wine/de/blog/originele-date-night-thuis/,200,,5765,394,nl-NL,Originele date night thuis: De beste wijnen voor koppels,56,"Wil je een originele date night thuis organiseren? Ontdek de beste bubbels, rode en witte wijn voor een romantische avond met het Flavory wijnspel",146,"index, follow, max-image-preview:large, max-snippet:-1, max-video-preview:-1",https://flavory.wine/blog/originele-date-night-thuis/,De beste wijnen voor een originele date night thuis,1,7,2339,40,1,1,122,17,59,28,Article;WebPage;ImageObject;BreadcrumbList;WebSite;Organization;Person,False
https://flavory.wine/de/blog/relatiegeschenken-slimme-investering-of-weggegooid-budget/,200,,5968,386,nl-NL,Waarom geef je eigenlijk een relatiegeschenk?,45,"Relatiegeschenken: slimme investering of weggegooid budget? Een kritische blik op dankbaarheid, branding en het juiste cadeau.",126,"index, follow, max-image-preview:large, max-snippet:-1, max-video-preview:-1",https://flavory.wine/blog/relatiegeschenken-slimme-investering-of-weggegooid-budget/,Relatiegeschenken: slimme investering of weggegooid budget?,1,7,2537,39,1,1,122,15,59,28,Article;WebPage;ImageObject;BreadcrumbList;WebSite;Organization;Person,False
https://flavory.wine/de/blog/slow-wine-moederdag-het-verhaal-achter-de-slak/,200,,5747,383,nl-NL,Slow Wine Moederdag: eerlijke wijn als échte beleving,53,"Slow wine Moederdag begint met een verhaal: Carlo Petrini, penne als protest en een slak als symbool. Wijn is het mooiste cadeau!",129,"index, follow, max-image-preview:large, max-snippet:-1, max-video-preview:-1",https://flavory.wine/blog/slow-wine-moederdag-het-verhaal-achter-de-slak/,Slow wine Moederdag: het verhaal achter de slak,1,8,2636,39,1,1,123,14,59,28,Article;WebPage;ImageObject;BreadcrumbList;WebSite;Organization;Person,False
https://flavory.wine/de/blog/start-to-wijnkelder-welke-types-wijn-moet-je-altijd-in-huis-hebben/,200,,5460,386,nl-NL,Welke wijn moet je altijd in huis hebben? - Flavory,51,,0,"index, follow, max-image-preview:large, max-snippet:-1, max-video-preview:-1",https://flavory.wine/blog/start-to-wijnkelder-welke-types-wijn-moet-je-altijd-in-huis-hebben/,Welke wijn moet je altijd in huis hebben?,1,6,2415,39,1,1,121,14,59,28,Article;WebPage;ImageObject;BreadcrumbList;WebSite;Organization;Person,False
https://flavory.wine/de/blog/valentijn-wijn-horoscoop-2026/,200,,5614,414,nl-NL,Valentijn Horoscoop 2026: Ontdek jouw ideale wijnmatch | Flavory,64,Welke wijn past bij jouw sterrenbeeld? Ontdek je match in onze Valentijn Horoscoop 2026 en maak je blinde proeverij thuis onvergetelijk,135,"index, follow, max-image-preview:large, max-snippet:-1, max-video-preview:-1",https://flavory.wine/blog/valentijn-wijn-horoscoop-2026/,Valentijn Horoscoop 2026: Welke wijn past bij jouw sterrenbeeld?,1,3,2832,40,1,1,122,15,59,28,Article;WebPage;ImageObject;BreadcrumbList;WebSite;Organization;Person,False
https://flavory.wine/de/blog/verdwaald-in-de-wijnrayon/,200,,5392,383,nl-NL,VIDEO - Verdwaald in de Wijnrayon - Flavory,43,"Wijn kiezen in de supermarkt? Ontdek de 5 belangrijkste drijfveren: herkenning, prijs, etiket, medailles en geluk. Tips om de beste keuze te maken!",147,"index, follow, max-image-preview:large, max-snippet:-1, max-video-preview:-1",https://flavory.wine/blog/verdwaald-in-de-wijnrayon/,VIDEO – Verdwaald in de Wijnrayon,1,2,2347,39,1,1,121,14,59,28,Article;WebPage;ImageObject;BreadcrumbList;WebSite;Organization;Person,False
https://flavory.wine/de/blog/vijf-cadeaus-die-iedereen-geeft-en-een-dat-bijblijft/,200,,5212,385,nl-NL,Origineel wijncadeau: geef iets dat écht bijblijft,50,"Geef dit jaar een origineel wijncadeau. Flavory combineert wijn, spel en sfeer in één box. Verrassend, gezellig én snel geleverd.",129,"index, follow, max-image-preview:large, max-snippet:-1, max-video-preview:-1",https://flavory.wine/blog/vijf-cadeaus-die-iedereen-geeft-en-een-dat-bijblijft/,Vijf cadeaus die iedereen geeft (en één dat bijblijft),1,3,2478,39,1,1,122,15,59,28,Article;WebPage;ImageObject;BreadcrumbList;WebSite;Organization;Person,False
https://flavory.wine/de/blog/waarom-een-wijnavond-met-vriendinnen-soms-belangrijker-is-dan-therapie-dupliceren/,200,,5182,386,nl-NL,Datenight met wijn: slimmer dan samen een wijncursus volgen,59,"Waarom datenight met wijnproeven slimmer is dan een zware wijncursus: romantische avond thuis, samen leren en lachen met Flavory Date Night.",140,"index, follow, max-image-preview:large, max-snippet:-1, max-video-preview:-1",https://flavory.wine/blog/waarom-een-wijnavond-met-vriendinnen-soms-belangrijker-is-dan-therapie-dupliceren/,Wijnproeven op date night,1,7,2573,39,1,1,123,15,59,28,Article;WebPage;ImageObject;BreadcrumbList;WebSite;Organization;Person,False
https://flavory.wine/de/blog/waarom-een-wijnavond-met-vriendinnen-soms-belangrijker-is-dan-therapie/,200,,5024,384,nl-NL,Waarom een wijnavond met vriendinnen beter werkt dan therapie,61,"Waarom een wijnavond met vriendinnen meer is dan een glas wijn: ontladen, lachen en bijpraten met je allerliefste wittewijnwijven",129,"index, follow, max-image-preview:large, max-snippet:-1, max-video-preview:-1",https://flavory.wine/blog/waarom-een-wijnavond-met-vriendinnen-soms-belangrijker-is-dan-therapie/,Waarom een wijnavond met vriendinnen soms belangrijker is dan therapie,1,6,2374,39,1,1,122,15,59,28,Article;WebPage;ImageObject;BreadcrumbList;WebSite;Organization;Person,False
https://flavory.wine/de/blog/waarom-smaakt-elke-wijn-anders/,200,,4758,385,nl-NL,Waarom smaakt elke wijn anders? - Flavory,41,"Wijn kiezen in de supermarkt? Ontdek de 5 belangrijkste drijfveren: herkenning, prijs, etiket, medailles en geluk. Tips om de beste keuze te maken!",147,"index, follow, max-image-preview:large, max-snippet:-1, max-video-preview:-1",https://flavory.wine/blog/waarom-smaakt-elke-wijn-anders/,Waarom smaakt elke wijn anders?,1,2,2197,39,1,1,121,14,59,28,Article;WebPage;ImageObject;BreadcrumbList;WebSite;Organization;Person,False
https://flavory.wine/de/blog/wat-te-doen-op-een-vriendenweekend-organiseer-een-wijnproeverij-spel/,200,,4836,412,nl-NL,Wat te doen op vriendenweekend? Wijnproeverij Spel,50,Zoek je een originele activiteit voor je vriendenweekend? Ontdek hoe je met het Flavory wijnproeverij spel een onvergetelijke avond organiseert.,144,"index, follow, max-image-preview:large, max-snippet:-1, max-video-preview:-1",https://flavory.wine/blog/wat-te-doen-op-een-vriendenweekend-organiseer-een-wijnproeverij-spel/,Wat te doen op een vriendenweekend? Organiseer een Wijnproeverij Spel!,1,5,2352,40,1,1,123,18,59,28,Article;WebPage;ImageObject;BreadcrumbList;WebSite;Organization;Person,False
https://flavory.wine/de/blog/welke-wijn-bij-welk-gerecht-spiekbriefje/,200,,4731,393,nl-NL,Welke wijn bij welk gerecht? Jouw spiekbriefje voor de supermarkt,65,Sta je in de supermarkt en twijfel je welke wijn bij welk gerecht past? Wijn is als peper en zout. Gebruik ons handige Flavory spiekbriefje.,140,"index, follow, max-image-preview:large, max-snippet:-1, max-video-preview:-1",https://flavory.wine/blog/welke-wijn-bij-welk-gerecht-spiekbriefje/,Welke wijn bij welk gerecht? Jouw spiekbriefje voor in de supermarkt,1,5,2368,40,1,1,122,15,59,28,Article;WebPage;ImageObject;BreadcrumbList;WebSite;Organization;Person,False
https://flavory.wine/de/blog/welke-wijn-moet-je-altijd-in-huis-hebben-ontdek-de-beste-keuzes-voor-elke-gelegenheid/,200,,4880,387,nl-NL,Beste wijnen voor thuis: Kies de perfecte fles - Flavory,56,Op zoek naar de beste wijnen voor thuis? Ontdek welke flessen je altijd in huis moet hebben en waarom de wijnboxen van Flavory ideaal zijn om smaakvol én speels te genieten.,173,"index, follow, max-image-preview:large, max-snippet:-1, max-video-preview:-1",https://flavory.wine/blog/welke-wijn-moet-je-altijd-in-huis-hebben-ontdek-de-beste-keuzes-voor-elke-gelegenheid/,Welke wijn moet je altijd in huis hebben? Ontdek de beste keuzes voor elke gelegenheid.,1,6,2509,39,1,1,125,14,59,28,"Article,BlogPosting;WebPage;ImageObject;BreadcrumbList;WebSite;Organization;Person",False
https://flavory.wine/de/blog/wijn-cadeau-pasen/,200,,4357,383,nl-NL,Wijn cadeau met Pasen: origineler dan chocolade,47,Op zoek naar een origineel wijn cadeau Pasen? Ontdek waaromeen fles uit Moldavië of Georgië meer indruk maakt danchocolade,122,"index, follow, max-image-preview:large, max-snippet:-1, max-video-preview:-1",https://flavory.wine/blog/wijn-cadeau-pasen/,Wijn cadeau met Pasen: origineler dan chocolade,1,5,2692,39,1,1,122,15,59,28,Article;WebPage;ImageObject;BreadcrumbList;WebSite;Organization;Person,False
https://flavory.wine/de/blog/wijnproeverij-date-night-chardonnay-of-sauvignon-blanc/,200,,4940,393,nl-NL,Wijnproeverij Date Night: Chardonnay of Sauvignon Blanc?,56,Plan de perfecte wijnproeverij date night. Ontdek waarom Chardonnay en Sauvignon Blanc meer gemeen hebben dan je denkt.,119,"index, follow, max-image-preview:large, max-snippet:-1, max-video-preview:-1",https://flavory.wine/blog/wijnproeverij-date-night-chardonnay-of-sauvignon-blanc/,Wat als jullie smaak mijlenver uit elkaar ligt?,1,3,2231,40,1,1,122,15,59,28,Article;WebPage;ImageObject;BreadcrumbList;WebSite;Organization;Person,False
https://flavory.wine/de/blog/wijnproeverij-thuis-flavory/,200,,5006,393,nl-NL,Wijnproeverij thuis -zo werkt een Bourgondische avond met Flavory,65,Ontdek waarom Belgen en Nederlanders nog altijd Bourgondisch genieten en hoe een Flavory wijnproeverij thuis werkt.,115,"index, follow, max-image-preview:large, max-snippet:-1, max-video-preview:-1",https://flavory.wine/blog/wijnproeverij-thuis-flavory/,Een wijnproeverij bij je thuis is populairder dan ooit…,1,8,2417,40,1,1,123,15,59,28,Article;WebPage;ImageObject;BreadcrumbList;WebSite;Organization;Person,False
https://flavory.wine/de/blog/wijnspel-als-kerstcadeau-black-friday/,200,,4746,394,nl-NL,Wijnspel als kerstcadeau tijdens Black Friday kopen | Flavory,61,Wijnspel als kerstcadeau tijdens Black Friday kopen? Geniet van 20% korting en vermijd last-minute stress. Een origineel en gezellig cadeau.,140,"index, follow, max-image-preview:large, max-snippet:-1, max-video-preview:-1",https://flavory.wine/blog/wijnspel-als-kerstcadeau-black-friday/,Onze tip: Negeer Secret Santa en gebruik Black Friday,1,8,2520,40,1,1,122,16,59,28,Article;WebPage;ImageObject;BreadcrumbList;WebSite;Organization;Person,False
https://flavory.wine/de/das-sagt-dein-weinhoroskop-fuer-den-valentinstag-voraus/,200,,4464,184,de-DE,Das sagt dein Weinhoroskop für den Valentinstag voraus - Flavory,64,Welcher Wein passt perfekt zu deinem Sternzeichen? Und was hält der Valentinstag für dich in petto? Entdecke es in unserem neuen Blog.,134,"index, follow, max-image-preview:large, max-snippet:-1, max-video-preview:-1",https://flavory.wine/de/das-sagt-dein-weinhoroskop-fuer-den-valentinstag-voraus/,,0,12,1566,11,1,0,23,5,59,22,WebPage;ImageObject;BreadcrumbList;WebSite;Organization,True
https://flavory.wine/de/das-sagt-dein-weinhoroskop-fur-den-valentinstag-voraus-2/,200,,3058,88,de-DE,Das sagt dein Weinhoroskop für den Valentinstag voraus - Flavory,64,Welcher Wein passt perfekt zu deinem Sternzeichen? Und was hält der Valentinstag für dich in petto? Entdecke es in unserem neuen Blog.,134,"index, follow, max-image-preview:large, max-snippet:-1, max-video-preview:-1",https://flavory.wine/de/das-sagt-dein-weinhoroskop-fur-den-valentinstag-voraus-2/,5 Redenen Waarom Dit Het Leukste Kerstcadeau Van 2024 Is,1,5,448,5,5,3,0,0,54,17,WebPage;ImageObject;BreadcrumbList;WebSite;Organization,True
https://flavory.wine/de/das-sagt-dein-weinhoroskop-fur-den-valentinstag-voraus/,200,,3160,88,de-DE,Das sagt dein Weinhoroskop für den Valentinstag voraus - Flavory,64,Welcher Wein passt perfekt zu deinem Sternzeichen? Und was hält der Valentinstag für dich in petto? Entdecke es in unserem neuen Blog.,134,"index, follow, max-image-preview:large, max-snippet:-1, max-video-preview:-1",https://flavory.wine/de/das-sagt-dein-weinhoroskop-fur-den-valentinstag-voraus/,5 Redenen Waarom Dit Het Leukste Kerstcadeau Van 2024 Is,1,5,448,5,5,3,0,0,54,17,WebPage;ImageObject;BreadcrumbList;WebSite;Organization,True
https://flavory.wine/de/eindejaars-en-relatiegeschenken/,200,,3536,211,nl-NL,Offerte aanvraag - Flavory,26,,0,"index, follow, max-image-preview:large, max-snippet:-1, max-video-preview:-1",https://flavory.wine/eindejaars-en-relatiegeschenken/,Vraag een vrijblijvende offerte aan,1,0,183,10,1,0,37,14,54,23,WebPage;BreadcrumbList;WebSite;Organization,False
https://flavory.wine/de/faq/,200,,3579,184,nl-NL,FAQ - Flavory,13,Antwoorden op al je vragen over Flavory: van verzending en retour tot hoe het wijnspel werkt. Ook info voor winkels & partners vind je hier.,140,"index, follow, max-image-preview:large, max-snippet:-1, max-video-preview:-1",https://flavory.wine/faq/,FAQ,1,16,809,1,0,0,30,5,55,23,WebPage;ImageObject;BreadcrumbList;WebSite;Organization;FAQPage,False
https://flavory.wine/de/flavory-landingpage/,200,,4295,339,nl-NL,Flavory - Landingpage - Flavory,31,,0,"index, follow, max-image-preview:large, max-snippet:-1, max-video-preview:-1",https://flavory.wine/flavory-landingpage/,,0,14,697,21,12,0,42,14,56,25,WebPage;ImageObject;BreadcrumbList;WebSite;Organization,False
https://flavory.wine/de/hero-section-2/,200,,4010,312,nl-NL,Hero section 2 - Flavory,24,,0,"index, follow, max-image-preview:large, max-snippet:-1, max-video-preview:-1",https://flavory.wine/hero-section-2/,Hét spel dat je wijn leert proeven. | Hét spel dat je wijn leert proeven. | Hét spel dat je wijn leert proeven. | Hét spel dat je wijn leert proeven. | Hét spel dat je wijn leert proeven. | Hét spel dat je wijn leert proeven. | Hét spel dat je wijn leert proeven.,7,0,294,23,10,4,43,14,54,25,WebPage;ImageObject;BreadcrumbList;WebSite;Organization,False
https://flavory.wine/de/hero-section/,200,,3849,198,nl-NL,hero section - Flavory,22,,0,"index, follow, max-image-preview:large, max-snippet:-1, max-video-preview:-1",https://flavory.wine/hero-section/,,0,0,117,10,1,0,36,14,54,22,WebPage;BreadcrumbList;WebSite;Organization,False
https://flavory.wine/de/het-was-een-cadeau/,200,,3503,202,nl-NL,Het was een cadeau - Flavory,28,,0,"index, follow, max-image-preview:large, max-snippet:-1, max-video-preview:-1",https://flavory.wine/het-was-een-cadeau/,,0,1,219,11,2,0,37,14,54,22,WebPage;ImageObject;BreadcrumbList;WebSite;Organization,False
https://flavory.wine/de/home-2/,200,,3349,197,nl-NL,Home 2 - test - Flavory,23,"Speel, proef en ontdek wijn als nooit tevoren. Flavory is het speelse wijnproefspel voor vrienden, koppels of als origineel geschenk / cadeau voor wijnliefhebbers.",163,"index, follow, max-image-preview:large, max-snippet:-1, max-video-preview:-1",https://flavory.wine/home-2/,,0,0,117,10,1,0,36,14,54,22,WebPage;BreadcrumbList;WebSite;Organization,False
https://flavory.wine/de/home-3/,200,,4952,480,nl-NL,Flavory - Taste the fun,23,"Speel, proef en ontdek wijn als nooit tevoren. Flavory is het speelse wijnproefspel voor vrienden, koppels of als origineel geschenk / cadeau voor wijnliefhebbers.",163,"index, follow, max-image-preview:large, max-snippet:-1, max-video-preview:-1",https://flavory.wine/home-3/,De leukste manier om wijn te leren proeven | Wat is Flavory?,2,5,1592,36,9,0,100,15,60,31,WebPage;ImageObject;BreadcrumbList;WebSite;Organization,False
https://flavory.wine/de/home-hero-image-duplicate-2/,200,,5096,497,nl-NL,Flavory - Taste the fun,23,"Speel, proef en ontdek wijn als nooit tevoren. Flavory is het speelse wijnproefspel voor vrienden, koppels of als origineel geschenk / cadeau voor wijnliefhebbers. %",165,"index, follow, max-image-preview:large, max-snippet:-1, max-video-preview:-1",https://flavory.wine/home-hero-image-duplicate-2/,De leukste manier om wijn te leren proeven | Wat is Flavory?,2,5,1578,35,8,0,100,16,60,31,WebPage;ImageObject;BreadcrumbList;WebSite;Organization,False
https://flavory.wine/de/home-hero-image/,200,,5708,503,nl-NL,Flavory - Taste the fun,23,"Speel, proef en ontdek wijn als nooit tevoren. Flavory is het speelse wijnproefspel voor vrienden, koppels of als origineel geschenk / cadeau voor wijnliefhebbers. %",165,"index, follow, max-image-preview:large, max-snippet:-1, max-video-preview:-1",https://flavory.wine/home-hero-image/,Hét spel dat je wijn leert proeven. | Wat is Flavory?,2,5,1576,36,8,1,100,16,60,31,WebPage;ImageObject;BreadcrumbList;WebSite;Organization,False
https://flavory.wine/de/kontakt/,200,,3165,143,de-DE,Kontakt - Flavory,17,,0,"index, follow, max-image-preview:large, max-snippet:-1, max-video-preview:-1",https://flavory.wine/de/kontakt/,Fragen zu den Weinboxen oder Lust auf eine Zusammenarbeit? | FAQ,2,0,636,0,0,0,13,5,57,21,WebPage;BreadcrumbList;WebSite;Organization;FAQPage,True
https://flavory.wine/de/mijn-ervaring/,200,,3464,204,nl-NL,Mijn Ervaring - Flavory,23,,0,"index, follow, max-image-preview:large, max-snippet:-1, max-video-preview:-1",https://flavory.wine/mijn-ervaring/,Wat vond je van Flavory?,1,2,206,11,1,0,36,16,54,22,WebPage;ImageObject;BreadcrumbList;WebSite;Organization,False
https://flavory.wine/de/nog-niet-gespeeld/,200,,4133,203,nl-NL,Nog niet gespeeld - Flavory,27,,0,"index, follow, max-image-preview:large, max-snippet:-1, max-video-preview:-1",https://flavory.wine/nog-niet-gespeeld/,,0,7,317,10,1,0,36,14,54,22,WebPage;BreadcrumbList;WebSite;Organization,False
https://flavory.wine/de/partners/,200,,4101,236,nl-NL,Partners - Flavory,18,,0,"index, follow, max-image-preview:large, max-snippet:-1, max-video-preview:-1",https://flavory.wine/partners/,Vind een Flavory-partner bij jou in de buurt,1,0,172,10,1,0,41,14,63,25,WebPage;BreadcrumbList;WebSite;Organization,False
https://flavory.wine/de/partnership/,200,,3425,216,nl-NL,Partnership - Flavory,21,,0,"index, follow, max-image-preview:large, max-snippet:-1, max-video-preview:-1",https://flavory.wine/partnership/,,0,2,288,11,2,0,36,14,55,23,WebPage;ImageObject;BreadcrumbList;WebSite;Organization,False
https://flavory.wine/de/proeverij/,200,,4123,421,nl-NL,Proeverij op Locatie - Flavory,30,"Een wijn box die smaakt naar meer. Ontdek verrassende wijnen, blind geproefd en stijlvol verpakt. Perfect om zelf te genieten of te delen.",138,"index, follow, max-image-preview:large, max-snippet:-1, max-video-preview:-1",https://flavory.wine/proeverij/,DE FLAVORY REAL EXPERIENCE | Wijn smaakt beter als je weet wat je drinkt!,2,4,1473,25,3,0,78,15,61,31,WebPage;ImageObject;BreadcrumbList;WebSite;Organization,False
https://flavory.wine/de/shop-2/,200,,5109,265,de-DE,Shop - Flavory,14,,0,"index, follow, max-image-preview:large, max-snippet:-1, max-video-preview:-1",https://flavory.wine/de/shop-2/,,0,1,1076,10,6,6,20,6,60,25,WebPage;ImageObject;BreadcrumbList;WebSite;Organization,True
https://flavory.wine/de/shop-2/einkaufswagen/,200,,1978,122,de-DE,Einkaufswagen - Flavory,23,,0,"noindex, follow",,,0,0,70,0,0,0,13,5,65,21,WebPage;ImageObject;BreadcrumbList;WebSite;Organization,False
https://flavory.wine/de/shop/,200,,3838,265,de-DE,Shop - Flavory,14,,0,"index, follow, max-image-preview:large, max-snippet:-1, max-video-preview:-1",https://flavory.wine/de/shop-2/,,0,1,1076,10,6,6,20,6,60,25,WebPage;ImageObject;BreadcrumbList;WebSite;Organization,False
https://flavory.wine/de/shop/cava-oder-prosecco-kopie/,200,,6308,251,de-DE,Cava oder Prosecco? (kopie) - Flavory,37,Magst du deinen Schaumwein lieber sanft perlend oder spritzig sprudelnd?,72,"index, follow, max-image-preview:large, max-snippet:-1, max-video-preview:-1",https://flavory.wine/de/shop/cava-oder-prosecco-kopie/,,0,2,969,26,11,0,31,6,75,31,"WebPage,ItemPage;ImageObject;BreadcrumbList;WebSite;Organization",True
https://flavory.wine/de/shop/cava-oder-prosecco/,200,,6171,248,de-DE,Cava oder Prosecco? - Flavory,29,Magst du deinen Schaumwein lieber sanft perlend oder spritzig sprudelnd?,72,"index, follow, max-image-preview:large, max-snippet:-1, max-video-preview:-1",https://flavory.wine/de/shop/cava-oder-prosecco/,,0,2,962,25,10,0,30,6,75,31,"WebPage,ItemPage;ImageObject;BreadcrumbList;WebSite;Organization",True
https://flavory.wine/de/shop/chardonnay-oder-sauvignon-blanc-kopie-kopie/,200,,6382,256,de-DE,Chardonnay oder Sauvignon Blanc? (kopie) (kopie) - Flavory,58,"Legendäre Rebsorten, die du kennen solltest Zwei verschiedene Weine, eine einfache Frage: Bist du ein Chardonnay-Lover oder ist Sauvignon Blanc so ganz dein Ding? Geh auf die Suche nach deinem Favoriten und entdecke den Unterschied zwischen beiden. Wer weiß, vielleicht enttarnst du dann die Weine als erste oder erster …",321,"index, follow, max-image-preview:large, max-snippet:-1, max-video-preview:-1",https://flavory.wine/de/shop/chardonnay-oder-sauvignon-blanc-kopie-kopie/,,0,2,1016,31,12,0,33,6,75,31,"WebPage,ItemPage;ImageObject;BreadcrumbList;WebSite;Organization",True
https://flavory.wine/de/shop/chardonnay-oder-sauvignon-blanc-kopie/,200,,5936,259,de-DE,Chardonnay oder Sauvignon Blanc? (kopie) - Flavory,50,"Legendäre Rebsorten, die du kennen solltest Zwei verschiedene Weine, eine einfache Frage: Bist du ein Chardonnay-Lover oder ist Sauvignon Blanc so ganz dein Ding? Geh auf die Suche nach deinem Favoriten und entdecke den Unterschied zwischen beiden. Wer weiß, vielleicht enttarnst du dann die Weine als erste oder erster …",321,"index, follow, max-image-preview:large, max-snippet:-1, max-video-preview:-1",https://flavory.wine/de/shop/chardonnay-oder-sauvignon-blanc-kopie/,,0,2,1022,32,15,0,34,6,75,31,"WebPage,ItemPage;ImageObject;BreadcrumbList;WebSite;Organization",True
https://flavory.wine/de/shop/chardonnay-oder-sauvignon-blanc/,200,,8945,256,de-DE,Chardonnay oder Sauvignon Blanc? - Flavory,42,"Legendäre Rebsorten, die du kennen solltest Zwei verschiedene Weine, eine einfache Frage: Bist du ein Chardonnay-Lover oder ist Sauvignon Blanc so ganz dein Ding? Geh auf die Suche nach deinem Favoriten und entdecke den Unterschied zwischen beiden. Wer weiß, vielleicht enttarnst du dann die Weine als erste oder erster …",321,"index, follow, max-image-preview:large, max-snippet:-1, max-video-preview:-1",https://flavory.wine/de/shop/chardonnay-oder-sauvignon-blanc/,,0,2,1014,31,14,0,33,6,75,31,"WebPage,ItemPage;ImageObject;BreadcrumbList;WebSite;Organization",True
https://flavory.wine/de/shop/italien-oder-spanien-copy/,200,,7372,249,de-DE,Italien oder Spanien? (Copy) - Flavory,38,"Italien oder Spanien? Oder: die Geschichte von zwei legendären Weinländern Italienischer Wein übernimmt mühelos die Hauptrolle im kulinarischen Leben von so gut wie jedem Lebensgenießer auf der Welt. Und Spanien hat sich in den letzten Jahren zu einem der kreativsten und spannendsten Weinländer weltweit entwickelt. Was könnte dein persönlicher Hauswein werden? Probiere, lerne, spiele und enttarne als erste oder erster die Weine!",432,"index, follow, max-image-preview:large, max-snippet:-1, max-video-preview:-1",https://flavory.wine/de/shop/italien-oder-spanien-copy/,,0,2,1032,22,2,0,29,6,75,31,"WebPage,ItemPage;ImageObject;BreadcrumbList;WebSite;Organization",True
https://flavory.wine/de/shop/italien-oder-spanien-kopie-2/,200,,7398,260,de-DE,Italien oder Spanien? (kopie) - Flavory,39,"Italien oder Spanien? Oder: die Geschichte von zwei legendären Weinländern Italienischer Wein übernimmt mühelos die Hauptrolle im kulinarischen Leben von so gut wie jedem Lebensgenießer auf der Welt. Und Spanien hat sich in den letzten Jahren zu einem der kreativsten und spannendsten Weinländer weltweit entwickelt. Was könnte dein persönlicher Hauswein werden? Probiere, lerne, spiele und enttarne als erste oder erster die Weine!",432,"index, follow, max-image-preview:large, max-snippet:-1, max-video-preview:-1",https://flavory.wine/de/shop/italien-oder-spanien-kopie-2/,,0,2,1032,32,12,0,34,6,75,31,"WebPage,ItemPage;ImageObject;BreadcrumbList;WebSite;Organization",True
https://flavory.wine/de/shop/italien-oder-spanien-kopie/,200,,7359,255,de-DE,Italien oder Spanien? (kopie) - Flavory,39,"Italien oder Spanien? Oder: die Geschichte von zwei legendären Weinländern Italienischer Wein übernimmt mühelos die Hauptrolle im kulinarischen Leben von so gut wie jedem Lebensgenießer auf der Welt. Und Spanien hat sich in den letzten Jahren zu einem der kreativsten und spannendsten Weinländer weltweit entwickelt. Was könnte dein persönlicher Hauswein werden? Probiere, lerne, spiele und enttarne als erste oder erster die Weine!",432,"index, follow, max-image-preview:large, max-snippet:-1, max-video-preview:-1",https://flavory.wine/de/shop/italien-oder-spanien-kopie/,,0,2,1032,28,15,0,32,6,75,31,"WebPage,ItemPage;ImageObject;BreadcrumbList;WebSite;Organization",True
https://flavory.wine/de/shop/italien-oder-spanien/,200,,7242,260,de-DE,Italien oder Spanien? - Flavory,31,"Italien oder Spanien? Oder: die Geschichte von zwei legendären Weinländern Italienischer Wein übernimmt mühelos die Hauptrolle im kulinarischen Leben von so gut wie jedem Lebensgenießer auf der Welt. Und Spanien hat sich in den letzten Jahren zu einem der kreativsten und spannendsten Weinländer weltweit entwickelt. Was könnte dein persönlicher Hauswein werden? Probiere, lerne, spiele und enttarne als erste oder erster die Weine!",432,"index, follow, max-image-preview:large, max-snippet:-1, max-video-preview:-1",https://flavory.wine/de/shop/italien-oder-spanien/,,0,2,1030,32,15,0,34,6,75,31,"WebPage,ItemPage;ImageObject;BreadcrumbList;WebSite;Organization",True
https://flavory.wine/de/shop/merlot-oder-cabernet-sauvignon-copy-2/,200,,5790,254,de-DE,Merlot oder Cabernet Sauvignon? (Copy) - Flavory,48,"Legendäre Rebsorten, die du kennen musst Merlot und Cabernet Sauvignon findest du bei jedem Weinhändler und auf jeder Weinkarte. Bei einem klassischen Bordeaux trinkst du beide auf einmal – oder du genießt die zwei pur wie in diesem Spiel. Aber wie hältst du sie auseinander? Und welche Rebsorte ist dein Favorit? Probiere, lerne, spiele und enttarne als erste oder erster die Weine! Darf es etwas mehr sein? Entdecke die Premium-Edition dieser Box mit – du ahnst es schon – Premium-Weinen.",490,"index, follow, max-image-preview:large, max-snippet:-1, max-video-preview:-1",https://flavory.wine/de/shop/merlot-oder-cabernet-sauvignon-copy-2/,,0,2,1052,24,9,0,31,6,75,31,"WebPage,ItemPage;ImageObject;BreadcrumbList;WebSite;Organization",True
https://flavory.wine/de/shop/merlot-oder-cabernet-sauvignon-copy-copy-3/,200,,6482,247,de-DE,Merlot oder Cabernet Sauvignon? (Copy) (Copy) - Flavory,55,"Legendäre Rebsorten, die du kennen musst Merlot und Cabernet Sauvignon findest du bei jedem Weinhändler und auf jeder Weinkarte. Bei einem klassischen Bordeaux trinkst du beide auf einmal – oder du genießt die zwei pur wie in diesem Spiel. Aber wie hältst du sie auseinander? Und welche Rebsorte ist dein Favorit? Probiere, lerne, spiele und enttarne als erste oder erster die Weine! Darf es etwas mehr sein? Entdecke die Premium-Edition dieser Box mit – du ahnst es schon – Premium-Weinen.",490,"index, follow, max-image-preview:large, max-snippet:-1, max-video-preview:-1",https://flavory.wine/de/shop/merlot-oder-cabernet-sauvignon-copy-copy-3/,,0,2,1056,21,6,0,29,6,75,31,"WebPage,ItemPage;ImageObject;BreadcrumbList;WebSite;Organization",True
https://flavory.wine/de/shop/merlot-oder-cabernet-sauvignon-copy-copy-kopie-2/,200,,6910,249,de-DE,Merlot oder Cabernet Sauvignon? (Copy) (Copy) (kopie) - Flavory,63,"Legendäre Rebsorten, die du kennen musst Merlot und Cabernet Sauvignon findest du bei jedem Weinhändler und auf jeder Weinkarte. Bei einem klassischen Bordeaux trinkst du beide auf einmal – oder du genießt die zwei pur wie in diesem Spiel. Aber wie hältst du sie auseinander? Und welche Rebsorte ist dein Favorit? Probiere, lerne, spiele und enttarne als erste oder erster die Weine! Darf es etwas mehr sein? Entdecke die Premium-Edition dieser Box mit – du ahnst es schon – Premium-Weinen.",490,"index, follow, max-image-preview:large, max-snippet:-1, max-video-preview:-1",https://flavory.wine/de/shop/merlot-oder-cabernet-sauvignon-copy-copy-kopie-2/,,0,2,1056,22,8,0,30,6,75,31,"WebPage,ItemPage;ImageObject;BreadcrumbList;WebSite;Organization",True
https://flavory.wine/de/shop/merlot-oder-cabernet-sauvignon-copy-copy-kopie-kopie/,200,,6687,250,de-DE,Merlot oder Cabernet Sauvignon? (Copy) (Copy) (kopie) (kopie) - Flavory,71,"Legendäre Rebsorten, die du kennen musst Merlot und Cabernet Sauvignon findest du bei jedem Weinhändler und auf jeder Weinkarte. Bei einem klassischen Bordeaux trinkst du beide auf einmal – oder du genießt die zwei pur wie in diesem Spiel. Aber wie hältst du sie auseinander? Und welche Rebsorte ist dein Favorit? Probiere, lerne, spiele und enttarne als erste oder erster die Weine! Darf es etwas mehr sein? Entdecke die Premium-Edition dieser Box mit – du ahnst es schon – Premium-Weinen.",490,"index, follow, max-image-preview:large, max-snippet:-1, max-video-preview:-1",https://flavory.wine/de/shop/merlot-oder-cabernet-sauvignon-copy-copy-kopie-kopie/,,0,2,1058,22,11,0,30,6,75,31,"WebPage,ItemPage;ImageObject;BreadcrumbList;WebSite;Organization",True
https://flavory.wine/de/shop/merlot-oder-cabernet-sauvignon-copy-copy-kopie/,200,,6722,261,de-DE,Merlot oder Cabernet Sauvignon? (Copy) (Copy) (kopie) - Flavory,63,"Legendäre Rebsorten, die du kennen musst Merlot und Cabernet Sauvignon findest du bei jedem Weinhändler und auf jeder Weinkarte. Bei einem klassischen Bordeaux trinkst du beide auf einmal – oder du genießt die zwei pur wie in diesem Spiel. Aber wie hältst du sie auseinander? Und welche Rebsorte ist dein Favorit? Probiere, lerne, spiele und enttarne als erste oder erster die Weine! Darf es etwas mehr sein? Entdecke die Premium-Edition dieser Box mit – du ahnst es schon – Premium-Weinen.",490,"index, follow, max-image-preview:large, max-snippet:-1, max-video-preview:-1",https://flavory.wine/de/shop/merlot-oder-cabernet-sauvignon-copy-copy-kopie/,,0,2,1076,32,19,0,35,6,75,31,"WebPage,ItemPage;ImageObject;BreadcrumbList;WebSite;Organization",True
https://flavory.wine/de/shop/merlot-oder-cabernet-sauvignon-copy-kopie/,200,,6104,256,de-DE,Merlot oder Cabernet Sauvignon? (Copy) (kopie) - Flavory,56,"Legendäre Rebsorten, die du kennen musst Merlot und Cabernet Sauvignon findest du bei jedem Weinhändler und auf jeder Weinkarte. Bei einem klassischen Bordeaux trinkst du beide auf einmal – oder du genießt die zwei pur wie in diesem Spiel. Aber wie hältst du sie auseinander? Und welche Rebsorte ist dein Favorit? Probiere, lerne, spiele und enttarne als erste oder erster die Weine! Darf es etwas mehr sein? Entdecke die Premium-Edition dieser Box mit – du ahnst es schon – Premium-Weinen.",490,"index, follow, max-image-preview:large, max-snippet:-1, max-video-preview:-1",https://flavory.wine/de/shop/merlot-oder-cabernet-sauvignon-copy-kopie/,,0,2,1054,28,10,0,33,6,75,31,"WebPage,ItemPage;ImageObject;BreadcrumbList;WebSite;Organization",True
https://flavory.wine/de/shop/merlot-oder-cabernet-sauvignon-copy/,200,,5947,258,de-DE,Merlot oder Cabernet Sauvignon? (Copy) - Flavory,48,"Legendäre Rebsorten, die du kennen musst Merlot und Cabernet Sauvignon findest du bei jedem Weinhändler und auf jeder Weinkarte. Bei einem klassischen Bordeaux trinkst du beide auf einmal – oder du genießt die zwei pur wie in diesem Spiel. Aber wie hältst du sie auseinander? Und welche Rebsorte ist dein Favorit? Probiere, lerne, spiele und enttarne als erste oder erster die Weine! Darf es etwas mehr sein? Entdecke die Premium-Edition dieser Box mit – du ahnst es schon – Premium-Weinen.",490,"index, follow, max-image-preview:large, max-snippet:-1, max-video-preview:-1",https://flavory.wine/de/shop/merlot-oder-cabernet-sauvignon-copy/,,0,2,1055,31,16,0,34,6,75,31,"WebPage,ItemPage;ImageObject;BreadcrumbList;WebSite;Organization",True
https://flavory.wine/de/shop/merlot-oder-cabernet-sauvignon-kopie/,200,,6141,262,de-DE,Merlot oder Cabernet Sauvignon? (kopie) - Flavory,49,"Legendäre Rebsorten, die du kennen musst Merlot und Cabernet Sauvignon findest du bei jedem Weinhändler und auf jeder Weinkarte. Bei einem klassischen Bordeaux trinkst du beide auf einmal – oder du genießt die zwei pur wie in diesem Spiel. Aber wie hältst du sie auseinander? Und welche Rebsorte ist dein Favorit? Probiere, lerne, spiele und enttarne als erste oder erster die Weine! Darf es etwas mehr sein? Entdecke die Premium-Edition dieser Box mit – du ahnst es schon – Premium-Weinen.",490,"index, follow, max-image-preview:large, max-snippet:-1, max-video-preview:-1",https://flavory.wine/de/shop/merlot-oder-cabernet-sauvignon-kopie/,,0,2,1052,34,17,0,36,6,75,31,"WebPage,ItemPage;ImageObject;BreadcrumbList;WebSite;Organization",True
https://flavory.wine/de/shop/merlot-oder-cabernet-sauvignon-premium-edition-kopie/,200,,6251,260,de-DE,Merlot oder Cabernet Sauvignon? Premium-Edition (kopie) - Flavory,65,"Legendäre Rebsorten, die du kennen musst, in Form von Premium-Weinen Merlot und Cabernet Sauvignon findest du bei jedem Weinhändler und auf jeder Weinkarte. Bei einem klassischen Bordeaux trinkst du beide auf einmal – oder du genießt die zwei pur wie in diesem Spiel. Aber wie hältst du sie auseinander? Und welche Rebsorte ist dein Favorit? Probiere, lerne, spiele und enttarne als erste oder erster die Weine!",411,"index, follow, max-image-preview:large, max-snippet:-1, max-video-preview:-1",https://flavory.wine/de/shop/merlot-oder-cabernet-sauvignon-premium-edition-kopie/,,0,2,983,32,19,0,34,6,75,31,"WebPage,ItemPage;ImageObject;BreadcrumbList;WebSite;Organization",True
https://flavory.wine/de/shop/merlot-oder-cabernet-sauvignon-premium-edition/,200,,6061,256,de-DE,Merlot oder Cabernet Sauvignon? Premium-Edition - Flavory,57,"Legendäre Rebsorten, die du kennen musst, in Form von Premium-Weinen Merlot und Cabernet Sauvignon findest du bei jedem Weinhändler und auf jeder Weinkarte. Bei einem klassischen Bordeaux trinkst du beide auf einmal – oder du genießt die zwei pur wie in diesem Spiel. Aber wie hältst du sie auseinander? Und welche Rebsorte ist dein Favorit? Probiere, lerne, spiele und enttarne als erste oder erster die Weine!",411,"index, follow, max-image-preview:large, max-snippet:-1, max-video-preview:-1",https://flavory.wine/de/shop/merlot-oder-cabernet-sauvignon-premium-edition/,,0,2,974,31,18,0,33,6,75,31,"WebPage,ItemPage;ImageObject;BreadcrumbList;WebSite;Organization",True
https://flavory.wine/de/shop/merlot-oder-cabernet-sauvignon/,200,,4983,257,de-DE,Merlot oder Cabernet Sauvignon? - Flavory,41,"Legendäre Rebsorten, die du kennen musst Merlot und Cabernet Sauvignon findest du bei jedem Weinhändler und auf jeder Weinkarte. Bei einem klassischen Bordeaux trinkst du beide auf einmal – oder du genießt die zwei pur wie in diesem Spiel. Aber wie hältst du sie auseinander? Und welche Rebsorte ist dein Favorit? Probiere, lerne, spiele und enttarne als erste oder erster die Weine! Darf es etwas mehr sein? Entdecke die Premium-Edition dieser Box mit – du ahnst es schon – Premium-Weinen.",490,"index, follow, max-image-preview:large, max-snippet:-1, max-video-preview:-1",https://flavory.wine/de/shop/merlot-oder-cabernet-sauvignon/,,0,2,1044,31,16,0,34,6,75,31,"WebPage,ItemPage;ImageObject;BreadcrumbList;WebSite;Organization",True
https://flavory.wine/de/shop/productcategorie/geen-categorie/,200,,2632,265,de-DE,Geen categorie Archives - Flavory,33,,0,"index, follow, max-image-preview:large, max-snippet:-1, max-video-preview:-1",https://flavory.wine/de/shop/productcategorie/geen-categorie/,,0,1,1076,10,6,6,20,6,60,25,CollectionPage;ImageObject;BreadcrumbList;WebSite;Organization,False
https://flavory.wine/de/shop/productcategorie/rotwein/,200,,4411,265,de-DE,Rotwein Archives - Flavory,26,,0,"index, follow, max-image-preview:large, max-snippet:-1, max-video-preview:-1",https://flavory.wine/de/shop/productcategorie/rotwein/,,0,1,1076,10,6,6,20,6,60,25,CollectionPage;ImageObject;BreadcrumbList;WebSite;Organization,True
https://flavory.wine/de/shop/productcategorie/weiswein/,200,,4808,265,de-DE,Weißwein Archives - Flavory,27,,0,"index, follow, max-image-preview:large, max-snippet:-1, max-video-preview:-1",https://flavory.wine/de/shop/productcategorie/weiswein/,,0,1,1076,10,6,6,20,6,60,25,CollectionPage;ImageObject;BreadcrumbList;WebSite;Organization,True
https://flavory.wine/de/shop/producttag/box-de/,200,,4531,265,de-DE,Box Archives - Flavory,22,,0,"index, follow, max-image-preview:large, max-snippet:-1, max-video-preview:-1",https://flavory.wine/de/shop/producttag/box-de/,,0,1,1076,10,6,6,20,6,60,25,CollectionPage;ImageObject;BreadcrumbList;WebSite;Organization,True
https://flavory.wine/de/shop2/,200,,4154,353,nl-NL,Shop 2 - Flavory,16,,0,"index, follow, max-image-preview:large, max-snippet:-1, max-video-preview:-1",https://flavory.wine/shop2/,,0,3,1018,16,7,0,42,15,59,27,WebPage;ImageObject;BreadcrumbList;WebSite;Organization,False
https://flavory.wine/de/so-geht-das-flavory-spiel/,200,,3271,105,de-DE,So geht das Flavory-Spiel - Flavory,35,,0,"index, follow, max-image-preview:large, max-snippet:-1, max-video-preview:-1",https://flavory.wine/de/so-geht-das-flavory-spiel/,,0,0,62,0,0,0,12,5,55,20,WebPage;BreadcrumbList;WebSite;Organization,True
https://flavory.wine/de/start/,200,,6366,303,de-DE,Start - Flavory,15,,0,"index, follow, max-image-preview:large, max-snippet:-1, max-video-preview:-1",https://flavory.wine/de/start/,UNTERHALTSAME WEINVERKOSTUNG IN EINER BOX,1,2,1500,17,7,0,25,5,61,30,WebPage;ImageObject;BreadcrumbList;WebSite;Organization,True
https://flavory.wine/de/ueber-flavory/,200,,3891,118,de-DE,Über Flavory - Flavory,22,,0,"index, follow, max-image-preview:large, max-snippet:-1, max-video-preview:-1",https://flavory.wine/de/ueber-flavory/,Über Flavory,1,0,306,2,2,0,12,5,61,23,WebPage;ImageObject;BreadcrumbList;WebSite;Organization,True
https://flavory.wine/de/weinkeller-fuer-anfaenger-welche-weinsorten-solltest-du-immer-im-haus-haben/,200,,3922,136,de-DE,Weinkeller für Anfänger: Welche Weinsorten solltest du immer im Haus haben? - Flavory,85,Welcher Wein passt perfekt zu deinem Sternzeichen? Und was hält der Valentinstag für dich in petto? Entdecke es in unserem neuen Blog.,134,"index, follow, max-image-preview:large, max-snippet:-1, max-video-preview:-1",https://flavory.wine/de/weinkeller-fuer-anfaenger-welche-weinsorten-solltest-du-immer-im-haus-haben/,,0,5,866,1,1,0,12,5,55,22,WebPage;ImageObject;BreadcrumbList;WebSite;Organization,True
https://flavory.wine/de/wijnkiezer/,200,,3551,200,nl-NL,Wijnkiezer - Flavory,20,,0,"index, follow, max-image-preview:large, max-snippet:-1, max-video-preview:-1",https://flavory.wine/wijnkiezer/,,0,0,284,10,1,0,36,14,54,22,WebPage;BreadcrumbList;WebSite;Organization,False
https://flavory.wine/dit-voorspelt-jouw-wijnhoroscoop-voor-valentijn/,200,,5366,266,nl-NL,Dit voorspelt jouw wijnhoroscoop voor Valentijn - Flavory,57,Welke wijn past perfect bij jouw sterrenbeeld? En wat heeft Valentijn voor jou in petto? Ontdek het in onze nieuwe blog.,120,"index, follow, max-image-preview:large, max-snippet:-1, max-video-preview:-1",https://flavory.wine/dit-voorspelt-jouw-wijnhoroscoop-voor-valentijn/,,0,12,1250,16,2,0,57,15,58,24,WebPage;ImageObject;BreadcrumbList;WebSite;Organization,True
https://flavory.wine/eindejaars-en-relatiegeschenken/,200,,4134,211,nl-NL,Offerte aanvraag - Flavory,26,,0,"index, follow, max-image-preview:large, max-snippet:-1, max-video-preview:-1",https://flavory.wine/eindejaars-en-relatiegeschenken/,Vraag een vrijblijvende offerte aan,1,0,183,10,1,0,37,14,54,23,WebPage;BreadcrumbList;WebSite;Organization,True
https://flavory.wine/en/,200,,5268,478,nl-NL,Home - Flavory,14,"Een wijn box die smaakt naar meer. Ontdek verrassende wijnen, blind geproefd en stijlvol verpakt. Perfect om zelf te genieten of te delen.",138,"index, follow, max-image-preview:large, max-snippet:-1, max-video-preview:-1",https://flavory.wine/,Speel het wijnspel met vrienden | Wat is Flavory?,2,5,1563,36,9,0,100,15,60,31,WebPage;ImageObject;BreadcrumbList;WebSite;Organization,False
https://flavory.wine/en/blog/,200,,4187,214,en-US,Blog - Flavory,14,,0,"index, follow, max-image-preview:large, max-snippet:-1, max-video-preview:-1",https://flavory.wine/en/blog/,Blog,1,0,121,10,1,0,36,14,57,22,"WebPage,CollectionPage;BreadcrumbList;WebSite;Organization",True
https://flavory.wine/faq/,200,,3980,184,nl-NL,FAQ - Flavory,13,Antwoorden op al je vragen over Flavory: van verzending en retour tot hoe het wijnspel werkt. Ook info voor winkels & partners vind je hier.,140,"index, follow, max-image-preview:large, max-snippet:-1, max-video-preview:-1",https://flavory.wine/faq/,FAQ,1,16,809,1,0,0,30,5,55,23,WebPage;ImageObject;BreadcrumbList;WebSite;Organization;FAQPage,True
https://flavory.wine/flavory-gameplay/,200,,4150,198,nl-NL,Flavory Gameplay - Flavory,26,,0,"index, follow, max-image-preview:large, max-snippet:-1, max-video-preview:-1",https://flavory.wine/flavory-gameplay/,,0,0,117,10,1,0,36,14,54,23,WebPage;BreadcrumbList;WebSite;Organization,True
https://flavory.wine/flavory-landingpage/,200,,4104,339,nl-NL,Flavory - Landingpage - Flavory,31,,0,"index, follow, max-image-preview:large, max-snippet:-1, max-video-preview:-1",https://flavory.wine/flavory-landingpage/,,0,14,697,21,12,0,42,14,56,25,WebPage;ImageObject;BreadcrumbList;WebSite;Organization,True
https://flavory.wine/hero-section-2/,200,,3923,312,nl-NL,Hero section 2 - Flavory,24,,0,"index, follow, max-image-preview:large, max-snippet:-1, max-video-preview:-1",https://flavory.wine/hero-section-2/,Hét spel dat je wijn leert proeven. | Hét spel dat je wijn leert proeven. | Hét spel dat je wijn leert proeven. | Hét spel dat je wijn leert proeven. | Hét spel dat je wijn leert proeven. | Hét spel dat je wijn leert proeven. | Hét spel dat je wijn leert proeven.,7,0,294,23,10,4,43,14,54,25,WebPage;ImageObject;BreadcrumbList;WebSite;Organization,True
https://flavory.wine/hero-section/,200,,4596,198,nl-NL,hero section - Flavory,22,,0,"index, follow, max-image-preview:large, max-snippet:-1, max-video-preview:-1",https://flavory.wine/hero-section/,,0,0,117,10,1,0,36,14,54,22,WebPage;BreadcrumbList;WebSite;Organization,True
https://flavory.wine/het-was-een-cadeau/,200,,4579,202,nl-NL,Het was een cadeau - Flavory,28,,0,"index, follow, max-image-preview:large, max-snippet:-1, max-video-preview:-1",https://flavory.wine/het-was-een-cadeau/,,0,1,219,11,2,0,37,14,54,22,WebPage;ImageObject;BreadcrumbList;WebSite;Organization,True
https://flavory.wine/home-2/,200,,4411,197,nl-NL,Home 2 - test - Flavory,23,"Speel, proef en ontdek wijn als nooit tevoren. Flavory is het speelse wijnproefspel voor vrienden, koppels of als origineel geschenk / cadeau voor wijnliefhebbers.",163,"index, follow, max-image-preview:large, max-snippet:-1, max-video-preview:-1",https://flavory.wine/home-2/,,0,0,117,10,1,0,36,14,54,22,WebPage;BreadcrumbList;WebSite;Organization,True
https://flavory.wine/home-3/,200,,7895,480,nl-NL,Flavory - Taste the fun,23,"Speel, proef en ontdek wijn als nooit tevoren. Flavory is het speelse wijnproefspel voor vrienden, koppels of als origineel geschenk / cadeau voor wijnliefhebbers.",163,"index, follow, max-image-preview:large, max-snippet:-1, max-video-preview:-1",https://flavory.wine/home-3/,De leukste manier om wijn te leren proeven | Wat is Flavory?,2,5,1592,36,9,0,100,15,60,31,WebPage;ImageObject;BreadcrumbList;WebSite;Organization,True
https://flavory.wine/home-hero-image-duplicate-2/,200,,8422,497,nl-NL,Flavory - Taste the fun,23,"Speel, proef en ontdek wijn als nooit tevoren. Flavory is het speelse wijnproefspel voor vrienden, koppels of als origineel geschenk / cadeau voor wijnliefhebbers. %",165,"index, follow, max-image-preview:large, max-snippet:-1, max-video-preview:-1",https://flavory.wine/home-hero-image-duplicate-2/,De leukste manier om wijn te leren proeven | Wat is Flavory?,2,5,1578,35,8,0,100,16,60,31,WebPage;ImageObject;BreadcrumbList;WebSite;Organization,True
https://flavory.wine/home-hero-image/,200,,8229,503,nl-NL,Flavory - Taste the fun,23,"Speel, proef en ontdek wijn als nooit tevoren. Flavory is het speelse wijnproefspel voor vrienden, koppels of als origineel geschenk / cadeau voor wijnliefhebbers. %",165,"index, follow, max-image-preview:large, max-snippet:-1, max-video-preview:-1",https://flavory.wine/home-hero-image/,Hét spel dat je wijn leert proeven. | Wat is Flavory?,2,5,1576,36,8,1,100,16,60,31,WebPage;ImageObject;BreadcrumbList;WebSite;Organization,True
https://flavory.wine/home/,200,,8527,502,nl-NL,Flavory - Taste the fun,23,"Speel, proef en ontdek wijn als nooit tevoren. Flavory is het speelse wijnproefspel voor vrienden, koppels of als origineel geschenk / cadeau voor wijnliefhebbers.",163,"index, follow, max-image-preview:large, max-snippet:-1, max-video-preview:-1",https://flavory.wine/home/,Hét spel dat je wijn leert proeven. | Wat is Flavory?,2,5,1600,36,8,1,100,16,60,31,WebPage;ImageObject;BreadcrumbList;WebSite;Organization,True
https://flavory.wine/italie-vs-spanje,200,,12272,478,nl-NL,Home - Flavory,14,"Een wijn box die smaakt naar meer. Ontdek verrassende wijnen, blind geproefd en stijlvol verpakt. Perfect om zelf te genieten of te delen.",138,"index, follow, max-image-preview:large, max-snippet:-1, max-video-preview:-1",https://flavory.wine/,Speel het wijnspel met vrienden | Wat is Flavory?,2,5,1563,36,9,0,100,15,60,31,WebPage;ImageObject;BreadcrumbList;WebSite;Organization,False
https://flavory.wine/merlot-vs-cabernet-sauvignon,200,,12006,478,nl-NL,Home - Flavory,14,"Een wijn box die smaakt naar meer. Ontdek verrassende wijnen, blind geproefd en stijlvol verpakt. Perfect om zelf te genieten of te delen.",138,"index, follow, max-image-preview:large, max-snippet:-1, max-video-preview:-1",https://flavory.wine/,Speel het wijnspel met vrienden | Wat is Flavory?,2,5,1563,36,9,0,100,15,60,31,WebPage;ImageObject;BreadcrumbList;WebSite;Organization,False
https://flavory.wine/mijn-ervaring/,200,,4859,204,nl-NL,Mijn Ervaring - Flavory,23,,0,"index, follow, max-image-preview:large, max-snippet:-1, max-video-preview:-1",https://flavory.wine/mijn-ervaring/,Wat vond je van Flavory?,1,2,206,11,1,0,36,16,54,22,WebPage;ImageObject;BreadcrumbList;WebSite;Organization,True
https://flavory.wine/nl,200,,4627,478,nl-NL,Home - Flavory,14,"Een wijn box die smaakt naar meer. Ontdek verrassende wijnen, blind geproefd en stijlvol verpakt. Perfect om zelf te genieten of te delen.",138,"index, follow, max-image-preview:large, max-snippet:-1, max-video-preview:-1",https://flavory.wine/,Speel het wijnspel met vrienden | Wat is Flavory?,2,5,1563,36,9,0,100,15,60,31,WebPage;ImageObject;BreadcrumbList;WebSite;Organization,False
https://flavory.wine/nog-niet-gespeeld/,200,,4415,203,nl-NL,Nog niet gespeeld - Flavory,27,,0,"index, follow, max-image-preview:large, max-snippet:-1, max-video-preview:-1",https://flavory.wine/nog-niet-gespeeld/,,0,7,317,10,1,0,36,14,54,22,WebPage;BreadcrumbList;WebSite;Organization,True
https://flavory.wine/over-flavory/,200,,4070,208,nl-NL,Over Flavory - Flavory,22,Maak kennis met Flavory: het wijnspel voor vrienden en fijnproevers. Ontstaan uit liefde voor wijn én beleving. Proeven wordt leuker dan ooit.,142,"index, follow, max-image-preview:large, max-snippet:-1, max-video-preview:-1",https://flavory.wine/over-flavory/,Over Flavory,1,0,352,12,3,0,36,14,54,23,WebPage;ImageObject;BreadcrumbList;WebSite;Organization,True
https://flavory.wine/partners/,200,,4712,236,nl-NL,Partners - Flavory,18,,0,"index, follow, max-image-preview:large, max-snippet:-1, max-video-preview:-1",https://flavory.wine/partners/,Vind een Flavory-partner bij jou in de buurt,1,0,172,10,1,0,41,14,63,25,WebPage;BreadcrumbList;WebSite;Organization,True
https://flavory.wine/partnership/,200,,3989,216,nl-NL,Partnership - Flavory,21,,0,"index, follow, max-image-preview:large, max-snippet:-1, max-video-preview:-1",https://flavory.wine/partnership/,,0,2,288,11,2,0,36,14,55,23,WebPage;ImageObject;BreadcrumbList;WebSite;Organization,True
https://flavory.wine/privacybeleid/,200,,10253,478,nl-NL,Home - Flavory,14,"Een wijn box die smaakt naar meer. Ontdek verrassende wijnen, blind geproefd en stijlvol verpakt. Perfect om zelf te genieten of te delen.",138,"index, follow, max-image-preview:large, max-snippet:-1, max-video-preview:-1",https://flavory.wine/,Speel het wijnspel met vrienden | Wat is Flavory?,2,5,1563,36,9,0,100,15,60,31,WebPage;ImageObject;BreadcrumbList;WebSite;Organization,True
https://flavory.wine/product/rode-wijn-box/,200,,5052,478,nl-NL,Home - Flavory,14,"Een wijn box die smaakt naar meer. Ontdek verrassende wijnen, blind geproefd en stijlvol verpakt. Perfect om zelf te genieten of te delen.",138,"index, follow, max-image-preview:large, max-snippet:-1, max-video-preview:-1",https://flavory.wine/,Speel het wijnspel met vrienden | Wat is Flavory?,2,5,1563,36,9,0,100,15,60,31,WebPage;ImageObject;BreadcrumbList;WebSite;Organization,False
https://flavory.wine/product/spanje-vs-italie-wijnspel/,200,,4631,478,nl-NL,Home - Flavory,14,"Een wijn box die smaakt naar meer. Ontdek verrassende wijnen, blind geproefd en stijlvol verpakt. Perfect om zelf te genieten of te delen.",138,"index, follow, max-image-preview:large, max-snippet:-1, max-video-preview:-1",https://flavory.wine/,Speel het wijnspel met vrienden | Wat is Flavory?,2,5,1563,36,9,0,100,15,60,31,WebPage;ImageObject;BreadcrumbList;WebSite;Organization,False
https://flavory.wine/product/witte-wijn-box/,200,,4563,478,nl-NL,Home - Flavory,14,"Een wijn box die smaakt naar meer. Ontdek verrassende wijnen, blind geproefd en stijlvol verpakt. Perfect om zelf te genieten of te delen.",138,"index, follow, max-image-preview:large, max-snippet:-1, max-video-preview:-1",https://flavory.wine/,Speel het wijnspel met vrienden | Wat is Flavory?,2,5,1563,36,9,0,100,15,60,31,WebPage;ImageObject;BreadcrumbList;WebSite;Organization,False
https://flavory.wine/proeverij/,200,,6894,421,nl-NL,Proeverij op Locatie - Flavory,30,"Een wijn box die smaakt naar meer. Ontdek verrassende wijnen, blind geproefd en stijlvol verpakt. Perfect om zelf te genieten of te delen.",138,"index, follow, max-image-preview:large, max-snippet:-1, max-video-preview:-1",https://flavory.wine/proeverij/,DE FLAVORY REAL EXPERIENCE | Wijn smaakt beter als je weet wat je drinkt!,2,4,1473,25,3,0,78,15,61,31,WebPage;ImageObject;BreadcrumbList;WebSite;Organization,True
https://flavory.wine/shop/,200,,5982,362,nl-NL,Shop - Flavory - Wijnspel,25,"Op zoek naar een origineel wijnspel om zelf te spelen of cadeau / geschenk te doen? Ontdek het assortiment van Flavory. Smaak, fun en beleving in één box.",154,"index, follow, max-image-preview:large, max-snippet:-1, max-video-preview:-1",https://flavory.wine/shop/,,0,1,1045,20,7,6,56,15,59,27,WebPage;ImageObject;BreadcrumbList;WebSite;Organization,True
https://flavory.wine/shop/bubbelbox/,200,,6801,465,nl-NL,Bubbelspel - Cava of Prosecco? - Flavory,40,"Speels wijnspel met cava of prosecco. Blind proeven, lachen en ontdekken, ideaal als cadeau / geschenk of voor een sprankelend aperitiefmoment met vrienden.",156,"index, follow, max-image-preview:large, max-snippet:-1, max-video-preview:-1",https://flavory.wine/shop/bubbelbox/,,0,10,1024,45,19,0,61,16,76,36,"WebPage,ItemPage;ImageObject;BreadcrumbList;WebSite;Organization;FAQPage",True
https://flavory.wine/shop/bubbelspel-cava-vs-prosecco-proef-jij-het-verschil/,200,,5648,478,nl-NL,Home - Flavory,14,"Een wijn box die smaakt naar meer. Ontdek verrassende wijnen, blind geproefd en stijlvol verpakt. Perfect om zelf te genieten of te delen.",138,"index, follow, max-image-preview:large, max-snippet:-1, max-video-preview:-1",https://flavory.wine/,Speel het wijnspel met vrienden | Wat is Flavory?,2,5,1563,36,9,0,100,15,60,31,WebPage;ImageObject;BreadcrumbList;WebSite;Organization,False
https://flavory.wine/shop/cava-prosecco-box/,200,,10099,478,nl-NL,Home - Flavory,14,"Een wijn box die smaakt naar meer. Ontdek verrassende wijnen, blind geproefd en stijlvol verpakt. Perfect om zelf te genieten of te delen.",138,"index, follow, max-image-preview:large, max-snippet:-1, max-video-preview:-1",https://flavory.wine/,Speel het wijnspel met vrienden | Wat is Flavory?,2,5,1563,36,9,0,100,15,60,31,WebPage;ImageObject;BreadcrumbList;WebSite;Organization,False
https://flavory.wine/shop/legendarische-druiven-wit/,200,,5204,478,nl-NL,Home - Flavory,14,"Een wijn box die smaakt naar meer. Ontdek verrassende wijnen, blind geproefd en stijlvol verpakt. Perfect om zelf te genieten of te delen.",138,"index, follow, max-image-preview:large, max-snippet:-1, max-video-preview:-1",https://flavory.wine/,Speel het wijnspel met vrienden | Wat is Flavory?,2,5,1563,36,9,0,100,15,60,31,WebPage;ImageObject;BreadcrumbList;WebSite;Organization,False
https://flavory.wine/shop/legendarische-wijnlanden-rood/,200,,7563,478,nl-NL,Home - Flavory,14,"Een wijn box die smaakt naar meer. Ontdek verrassende wijnen, blind geproefd en stijlvol verpakt. Perfect om zelf te genieten of te delen.",138,"index, follow, max-image-preview:large, max-snippet:-1, max-video-preview:-1",https://flavory.wine/,Speel het wijnspel met vrienden | Wat is Flavory?,2,5,1563,36,9,0,100,15,60,31,WebPage;ImageObject;BreadcrumbList;WebSite;Organization,False
https://flavory.wine/shop/merlot-of-cabernet-sauvignon-premium/,200,,5794,478,nl-NL,Home - Flavory,14,"Een wijn box die smaakt naar meer. Ontdek verrassende wijnen, blind geproefd en stijlvol verpakt. Perfect om zelf te genieten of te delen.",138,"index, follow, max-image-preview:large, max-snippet:-1, max-video-preview:-1",https://flavory.wine/,Speel het wijnspel met vrienden | Wat is Flavory?,2,5,1563,36,9,0,100,15,60,31,WebPage;ImageObject;BreadcrumbList;WebSite;Organization,False
https://flavory.wine/shop/merlot-of-cabernet-sauvignon/,200,,10754,478,nl-NL,Home - Flavory,14,"Een wijn box die smaakt naar meer. Ontdek verrassende wijnen, blind geproefd en stijlvol verpakt. Perfect om zelf te genieten of te delen.",138,"index, follow, max-image-preview:large, max-snippet:-1, max-video-preview:-1",https://flavory.wine/,Speel het wijnspel met vrienden | Wat is Flavory?,2,5,1563,36,9,0,100,15,60,31,WebPage;ImageObject;BreadcrumbList;WebSite;Organization,False
https://flavory.wine/shop/productcategorie/geen-categorie/,200,,5650,361,nl-NL,Geen categorie Archives - Flavory,33,,0,"index, follow, max-image-preview:large, max-snippet:-1, max-video-preview:-1",https://flavory.wine/shop/productcategorie/geen-categorie/,,0,1,1045,20,7,6,56,15,59,27,CollectionPage;ImageObject;BreadcrumbList;WebSite;Organization,True
https://flavory.wine/shop/productcategorie/rode-wijn/,200,,5783,362,nl-NL,Rode wijn Archives - Flavory,28,,0,"index, follow, max-image-preview:large, max-snippet:-1, max-video-preview:-1",https://flavory.wine/shop/productcategorie/rode-wijn/,,0,1,1045,20,7,6,56,15,59,27,CollectionPage;ImageObject;BreadcrumbList;WebSite;Organization,True
https://flavory.wine/shop/productcategorie/witte-wijn/,200,,5704,362,nl-NL,Witte wijn Archives - Flavory,29,,0,"index, follow, max-image-preview:large, max-snippet:-1, max-video-preview:-1",https://flavory.wine/shop/productcategorie/witte-wijn/,,0,1,1045,20,7,6,56,15,59,27,CollectionPage;ImageObject;BreadcrumbList;WebSite;Organization,True
https://flavory.wine/shop/producttag/box/,200,,7147,361,nl-NL,box Archives - Flavory,22,,0,"index, follow, max-image-preview:large, max-snippet:-1, max-video-preview:-1",https://flavory.wine/shop/producttag/box/,,0,1,1045,20,7,6,56,15,59,27,CollectionPage;ImageObject;BreadcrumbList;WebSite;Organization,True
https://flavory.wine/shop/rode-wijn-box/,200,,9850,478,nl-NL,Home - Flavory,14,"Een wijn box die smaakt naar meer. Ontdek verrassende wijnen, blind geproefd en stijlvol verpakt. Perfect om zelf te genieten of te delen.",138,"index, follow, max-image-preview:large, max-snippet:-1, max-video-preview:-1",https://flavory.wine/,Speel het wijnspel met vrienden | Wat is Flavory?,2,5,1563,36,9,0,100,15,60,31,WebPage;ImageObject;BreadcrumbList;WebSite;Organization,False
https://flavory.wine/shop/rode-wijnspel-merlot-vs-cabernet-sauvignon-premium-editie/,200,,6313,478,nl-NL,Home - Flavory,14,"Een wijn box die smaakt naar meer. Ontdek verrassende wijnen, blind geproefd en stijlvol verpakt. Perfect om zelf te genieten of te delen.",138,"index, follow, max-image-preview:large, max-snippet:-1, max-video-preview:-1",https://flavory.wine/,Speel het wijnspel met vrienden | Wat is Flavory?,2,5,1563,36,9,0,100,15,60,31,WebPage;ImageObject;BreadcrumbList;WebSite;Organization,False
https://flavory.wine/shop/rose-wijn-box/,200,,11492,478,nl-NL,Home - Flavory,14,"Een wijn box die smaakt naar meer. Ontdek verrassende wijnen, blind geproefd en stijlvol verpakt. Perfect om zelf te genieten of te delen.",138,"index, follow, max-image-preview:large, max-snippet:-1, max-video-preview:-1",https://flavory.wine/,Speel het wijnspel met vrienden | Wat is Flavory?,2,5,1563,36,9,0,100,15,60,31,WebPage;ImageObject;BreadcrumbList;WebSite;Organization,False
https://flavory.wine/shop/valentijn-wine-tasting-game-italie-of-spanje-10-korting/,200,,6944,466,nl-NL,Rode Wijnspel - Italiaanse vs. Spaanse wijn - Kan jij ze herkennen? - Flavory,77,"Proef de passie! Leer Italiaanse en Spaanse wijn kennen – twee karaktervolle stijlen, net als in de liefde. Ontdek samen jullie favoriet en weet voortaan precies welke wijn je in de winkel of op restaurant bestelt. Geniet van een intieme avond, zonder schermen, maar met gezelligheid en een goed glas wijn. Win het spel door de wijnen te herkennen en leuke vragen juist te beantwoorden. Inclusief TWEE HEERLIJKE WIJNEN anoniem verpakt voor een vleugje mysterie.",461,"index, follow, max-image-preview:large, max-snippet:-1, max-video-preview:-1",https://flavory.wine/shop/valentijn-wine-tasting-game-italie-of-spanje-10-korting/,,0,3,1106,42,11,0,60,16,75,35,"WebPage,ItemPage;ImageObject;BreadcrumbList;WebSite;Organization",True
https://flavory.wine/shop/wijnproeverij-thuis-rood/,200,,6737,472,nl-NL,Rode Wijnspel - Het ultieme duel - Flavory,42,Organiseer een wijnproeverij bij je thuis. Met dit rode wijnspel (zonder wijnen) regelen wij de beleving en gidsen we je door de avond. Hét ideale cadeau!,154,"index, follow, max-image-preview:large, max-snippet:-1, max-video-preview:-1",https://flavory.wine/shop/wijnproeverij-thuis-rood/,,0,3,1128,48,19,0,63,16,75,35,"WebPage,ItemPage;ImageObject;BreadcrumbList;WebSite;Organization",True
https://flavory.wine/shop/wijnproeverij-thuis-wit/,200,,6805,472,nl-NL,Witte Wijnspel - legendarische druiven - Flavory,48,Organiseer een wijnproeverij bij je thuis. Met dit witte wijnspel (zonder wijnen) regelen wij de beleving en gidsen we je door de avond. Hét ideale cadeau!,155,"index, follow, max-image-preview:large, max-snippet:-1, max-video-preview:-1",https://flavory.wine/shop/wijnproeverij-thuis-wit/,,0,13,1132,42,17,0,60,16,76,36,"WebPage,ItemPage;ImageObject;BreadcrumbList;WebSite;Organization;FAQPage",True
https://flavory.wine/shop/wijnspel-italie-vs-spanje-proef-jij-het-verschil/,200,,6055,478,nl-NL,Home - Flavory,14,"Een wijn box die smaakt naar meer. Ontdek verrassende wijnen, blind geproefd en stijlvol verpakt. Perfect om zelf te genieten of te delen.",138,"index, follow, max-image-preview:large, max-snippet:-1, max-video-preview:-1",https://flavory.wine/,Speel het wijnspel met vrienden | Wat is Flavory?,2,5,1563,36,9,0,100,15,60,31,WebPage;ImageObject;BreadcrumbList;WebSite;Organization,False
https://flavory.wine/shop/winkelwagen/,200,,3522,215,nl-NL,Winkelwagen - Flavory,21,,0,"noindex, follow",,,0,0,125,10,1,0,37,14,64,24,WebPage;ImageObject;BreadcrumbList;WebSite;Organization,False
https://flavory.wine/shop/witte-wijn-box/,200,,10195,478,nl-NL,Home - Flavory,14,"Een wijn box die smaakt naar meer. Ontdek verrassende wijnen, blind geproefd en stijlvol verpakt. Perfect om zelf te genieten of te delen.",138,"index, follow, max-image-preview:large, max-snippet:-1, max-video-preview:-1",https://flavory.wine/,Speel het wijnspel met vrienden | Wat is Flavory?,2,5,1563,36,9,0,100,15,60,31,WebPage;ImageObject;BreadcrumbList;WebSite;Organization,False
https://flavory.wine/shop/witte-wijnspel-chardonnay-of-sauvignon-blanc/,200,,5815,476,nl-NL,Witte Wijnspel - Legendarische wijndruiven - Flavory,52,"Blind wijnspel met frisse witte wijnen. Perfect als origineel cadeau / geschenk of voor een gezellige avond. Voor 2–6 spelers, geen voorkennis nodig.",149,"index, follow, max-image-preview:large, max-snippet:-1, max-video-preview:-1",https://flavory.wine/shop/witte-wijnspel-chardonnay-of-sauvignon-blanc/,,0,10,1141,51,21,0,65,16,76,36,"WebPage,ItemPage;ImageObject;BreadcrumbList;WebSite;Organization;FAQPage",False
https://flavory.wine/shop/witte-wijnspel-chardonnay-vs-sauvignon-blanc-proef-jij-het-verschil/,200,,5981,478,nl-NL,Home - Flavory,14,"Een wijn box die smaakt naar meer. Ontdek verrassende wijnen, blind geproefd en stijlvol verpakt. Perfect om zelf te genieten of te delen.",138,"index, follow, max-image-preview:large, max-snippet:-1, max-video-preview:-1",https://flavory.wine/,Speel het wijnspel met vrienden | Wat is Flavory?,2,5,1563,36,9,0,100,15,60,31,WebPage;ImageObject;BreadcrumbList;WebSite;Organization,False
https://flavory.wine/shop2/,200,,5365,353,nl-NL,Shop 2 - Flavory,16,,0,"index, follow, max-image-preview:large, max-snippet:-1, max-video-preview:-1",https://flavory.wine/shop2/,,0,3,1018,16,7,0,42,15,59,27,WebPage;ImageObject;BreadcrumbList;WebSite;Organization,True
https://flavory.wine/start-to-wijnkelder-welke-types-wijn-moet-je-altijd-in-huis-hebben/,200,,4819,229,nl-NL,Start To Wijnkelder: welke types wijn moet je altijd in huis hebben? - Flavory,78,Welke wijn past perfect bij jouw sterrenbeeld? En wat heeft Valentijn voor jou in petto? Ontdek het in onze nieuwe blog.,120,"index, follow, max-image-preview:large, max-snippet:-1, max-video-preview:-1",https://flavory.wine/start-to-wijnkelder-welke-types-wijn-moet-je-altijd-in-huis-hebben/,,0,5,947,11,2,0,36,14,54,24,WebPage;ImageObject;BreadcrumbList;WebSite;Organization,True
https://flavory.wine/wijnkiezer/,200,,4638,200,nl-NL,Wijnkiezer - Flavory,20,,0,"index, follow, max-image-preview:large, max-snippet:-1, max-video-preview:-1",https://flavory.wine/wijnkiezer/,,0,0,284,10,1,0,36,14,54,22,WebPage;BreadcrumbList;WebSite;Organization,True
https://flavory.wine/win/,200,,5142,215,nl-NL,Win - Flavory,13,,0,"index, follow, max-image-preview:large, max-snippet:-1, max-video-preview:-1",https://flavory.wine/win/,Schrijf je in voor de nieuwsbrief en win een wijnkelder van € 500,1,0,236,11,2,0,36,14,55,24,WebPage;ImageObject;BreadcrumbList;WebSite;Organization,True
